Row,Y1961,Y1962,Y1963,Y1964,Y1965,Y1966,Y1967,Y1968,Y1969,Y1970,Y1971,Y1972,Y1973,Y1974,Y1975,Y1976,Y1977,Y1978,Y1979,Y1980,Y1981,Y1982,Y1983,Y1984,Y1985,Y1986,Y1987,Y1988,Y1989,Y1990,Y1991,Y1992,Y1993,Y1994,Y1995,Y1996,Y1997,Y1998,Y1999,Y2000,Y2001,Y2002,Y2003,Y2004,Y2005,Y2006,Y2007,Y2008,Y2009,Y2010,Y2011,Y2012,Y2013,Y2014,Y2015,Y2016,Y2017
"Afghanistan",0.0009996,0.0009996,0.0009996,0.0010472,0.0010472,0.00105672,0.00098056,0.00098056,0.00098056,0.00096152,0.000952,0.0009996,0.0009996,0.0009996,0.0009996,0.0009996,0.0009996,0.0009996,0.00098056,0.00090916,0.00082824,0.00078778,0.0007378,0.00070924,0.00067116,0.000714,0.00077112,0.0008568,0.0008092,0.000833,0.00082348,0.000833,0.000833,0.0008568,0.0008092,0.000833,0.0008568,0.0008568,0.0006664,0.0006188,0.00057596,0.0006426,0.0006902,0.0009282,0.0007616,0.0007616,0.0008092,0.0009044,0.000952,0.00099008,0.0009996,0.0009758,0.0009758,0.0010472,0.00078064,0.00056644,0.0005209922
"Albania",2.82472e-05,3.24428e-05,3.68526e-05,3.36906e-05,3.74408e-05,3.66146e-05,3.8386e-05,3.95454e-05,4.1565e-05,4.78278e-05,3.24428e-05,3.808e-05,4.5696e-05,3.808e-05,3.808e-05,3.808e-05,3.808e-05,3.808e-05,3.808e-05,3.808e-05,3.808e-05,3.808e-05,3.4272e-05,3.4272e-05,2.856e-05,2.856e-05,3.1416e-05,3.0464e-05,2.5704e-05,2.856e-05,7.616e-06,2.2848e-06,1.3328e-06,0,0,0,0,0,0,0,0,0,0,0,0,0,0,0,0,0,0,0,0,0,0,0,0
"Algeria",1.98968e-05,1.904e-05,1.43956e-05,1.24712e-05,1.8088e-05,1.82784e-05,1.62792e-05,1.8564e-05,1.87544e-05,1.30424e-05,6.3784e-06,1.01864e-05,1.16144e-05,9.7104e-06,5.5216e-06,4.76e-06,5.4264e-06,2.4752e-06,3.808e-06,3.9984e-06,3.9984e-06,3.9984e-06,4.284e-06,4.284e-06,4.284e-06,4.3792e-06,4.5696e-06,5.0456e-06,5.0456e-06,5.236e-06,5.3312e-06,5.4264e-06,5.3108e-06,5.5352e-06,5.6236e-06,5.712e-06,1.904e-06,3.1178e-06,3.1076e-06,3.179e-06,3.2232e-06,2.9206e-06,3.1382e-06,3.0566e-06,2.8458e-06,2.6758e-06,2.4718e-06,2.278e-06,2.0876e-06,1.9346e-06,1.8938e-06,1.7136e-06,1.7136e-06,1.7136e-06,1.4892e-06,1.3056e-06,1.1458e-06
"American Samoa",0,0,0,0,0,0,0,0,0,0,0,0,0,0,0,0,0,0,0,0,0,0,0,0,0,0,0,0,0,0,0,0,0,0,0,0,0,0,0,0,0,0,0,0,0,0,0,0,0,0,0,0,0,0,0,0,0
"Andorra",0,0,0,0,0,0,0,0,0,0,0,0,0,0,0,0,0,0,0,0,0,0,0,0,0,0,0,0,0,0,0,0,0,0,0,0,0,0,0,0,0,0,0,0,0,0,0,0,0,0,0,0,0,0,0,0,0
"Angola",0.000238,0.00018088,0.0001904,0.0001904,0.00021896,0.00020944,0.000211344,0.00020944,0.0001428,0.000238,0.00020944,0.00020944,0.00020944,0.0001428,0.0001428,0.0001904,0.0001904,0.0001428,0.00013328,0.00011424,0.00010472,0.00010472,8.568e-05,8.568e-05,5.712e-05,5.712e-05,2.856e-05,2.856e-05,3.808e-05,3.00254e-05,3.808e-05,4.16534e-05,4.76e-05,0.00022848,0.00012376,7.616e-05,5.712e-05,4.76e-05,4.9504e-05,4.0868e-05,3.70702e-05,3.52716e-05,7.48952e-05,0.0001068348,0.0001180208,7.37222e-05,8.57956e-05,0.0001575662,0.000225692,0.0002275756,0.0002478804,0.0002656284,0.0002809352,0.000286246,0.0002863514,0.0003720858,0.0005441598
"Anguilla",0,0,0,0,0,0,0,0,0,0,0,0,0,0,0,0,0,0,0,0,0,0,0,0,0,0,0,0,0,0,0,0,0,0,0,0,0,0,0,0,0,0,0,0,0,0,0,0,0,0,0,0,0,0,0,0,0
"Antigua and Barbuda",0,0,0,0,0,0,0,0,0,0,0,0,0,0,0,0,0,0,0,0,0,0,0,0,0,0,0,0,0,0,0,0,0,0,0,0,0,0,0,0,0,0,0,0,0,0,0,0,0,0,0,0,0,0,0,0,0
"Argentina",0.00043792,0.0005051312,0.000497896,0.0005142704,0.0006462176,0.0004454884,0.0005886216,0.000674016,0.000833,0.000970088,0.000734944,0.000791112,0.000728756,0.000787304,0.0008806,0.0008308104,0.000862512,0.0009044,0.000974848,0.000782544,0.000778736,0.001081472,0.000876792,0.0012222252,0.0010353,0.001074808,0.0009013536,0.000872984,0.000998648,0.0011102224,0.0008212428,0.001339464,0.001329468,0.0013455568,0.0017527748,0.0018394068,0.0021363628,0.0020154316,0.002753184,0.001799756,0.0014458024,0.0011805752,0.0012651128,0.0016105732,0.0015130884,0.001609118,0.0015673252,0.0017370192,0.001844976,0.0020531784,0.0024508764,0.0022407428,0.002215304,0.002315264,0.0022142568,0.0019776848,0.001943032
"Armenia",0,0,0,0,0,0,0,0,0,0,0,0,0,0,0,0,0,0,0,0,0,0,0,0,0,0,0,0,0,0,0,0,0,0,0,0,0,0,0,0,0,0,0,0,0,0,0,0,0,0,0,0,0,0,0,0,0
"Aruba",0,0,0,0,0,0,0,0,0,0,0,0,0,0,0,0,0,0,0,0,0,0,0,0,0,0,0,0,0,0,0,0,0,0,0,0,0,0,0,0,0,0,0,0,0,0,0,0,0,0,0,0,0,0,0,0,0
"Australia",0.0002142,0.0002175082,0.0002380714,0.000257448,0.000267053,0.0002791128,0.000319532,0.000329205,0.0003608828,0.0004299538,0.0004361214,0.0004334218,0.000483021,0.0007229454,0.000809268,0.0008015364,0.000985728,0.0009792578,0.0011805616,0.0012461714,0.00113526,0.00136017,0.00082467,0.001274898,0.001304478,0.001136331,0.001027089,0.001128834,0.00103887,0.00112455,0.00095319,0.00136017,0.00133875,0.001421217,0.001383732,0.001603287,0.001785357,0.001512252,0.001624707,0.001427643,0.0018911276,0.0015461908,0.000490926,0.0007110998,0.000548522,0.0010937902,0.000211072,2.48268e-05,7.70474e-05,0.0002027522,0.0008116344,0.0011043608,0.001217064,0.000821372,0.0007461028,0.0002851546,0.0008804028
"Austria",0,0,0,0,0,0,0,0,0,0,0,0,0,0,0,0,0,0,0,0,0,0,0,0,0,0,0,0,0,0,0,0,0,0,0,0,0,0,0,0,0,0,0,0,0,0,0,0,0,0,0,0,0,0,0,0,0
"Azerbaijan",1.2246461569216e-05,1.23502451418365e-05,1.52561851752098e-05,1.98226623705106e-05,2.2521035258643e-05,2.57383260098777e-05,2.91631839063534e-05,3.23804746575881e-05,3.40410118195157e-05,3.63242504171661e-05,4.04755933219851e-05,4.36928840732198e-05,4.79480105506593e-05,5.13728684471349e-05,5.18917863102373e-05,5.43825920531287e-05,5.66658306507791e-05,6.01944721198753e-05,6.33079792984895e-05,6.91198593652361e-05,6.57987850413809e-05,6.72517550580675e-05,6.7573484133191e-05,7.13823412483624e-05,6.96595339428626e-05,6.44184635255286e-05,6.81858072116518e-05,6.96387772283385e-05,6.81131587108175e-05,6.37231135889714e-05,6.22078734287125e-05,8.1192e-06,1.13084e-05,9.7376e-06,1.82206e-05,2.08114e-05,2.2304e-05,2.3001e-05,3.40238e-05,4.2364e-05,3.60536e-05,3.40442e-05,3.16744e-05,2.44936e-05,2.20286e-05,1.1424e-05,1.00436e-05,1.27296e-05,1.63948e-05,1.56128e-05,1.67926e-05,1.60412e-05,2.01722e-05,1.03496e-05,1.13866e-05,2.38952e-05,4.85792e-05
"Bahamas",0,0,0,0,0,0,0,0,0,0,0,0,0,0,0,0,0,0,0,0,0,0,0,0,0,0,0,0,0,0,0,0,0,0,0,0,0,0,0,0,0,0,0,0,0,0,0,0,0,0,0,0,0,0,0,0,0
"Bahrain",0,0,0,0,0,0,0,0,0,0,0,0,0,0,0,0,0,0,0,0,0,0,0,0,0,0,0,0,0,0,0,0,0,0,0,0,0,0,0,0,0,0,0,0,0,0,0,0,0,0,0,0,0,0,0,0,0
"Bangladesh",0.028670891,0.0293834596,0.0304434198,0.0311901754,0.0316346778,0.03066987,0.0334222176,0.0329243998,0.0348571944,0.0335012982,0.0314224464,0.032544562,0.0333846918,0.0330936892,0.0349108226,0.0333973772,0.0338894524,0.0341400664,0.0343362226,0.0348400618,0.0353537406,0.0357755514,0.0329120986,0.0345511468,0.0351416554,0.0358546898,0.0348848602,0.0345538158,0.0354120846,0.0352672752,0.0346223224,0.0343989764,0.0334769644,0.0335232656,0.033632766,0.03447192,0.0346848348,0.0342010046,0.0362055018,0.0365037838,0.0360299156,0.0364016716,0.036246346,0.0346344842,0.0355671382,0.0357527884,0.03573927,0.038119015,0.0383703974,0.0389634084,0.0389600288,0.0386051708,0.0384328112,0.0385803032,0.0384639756,0.0371783336,0.0380948512
"Barbados",0,0,0,0,0,0,0,0,0,0,0,0,0,0,0,0,0,0,0,0,0,0,0,0,0,0,0,0,0,0,0,0,0,0,0,0,0,0,0,0,0,0,0,0,0,0,0,0,0,0,0,0,0,0,0,0,0
"Belarus",0,0,0,0,0,0,0,0,0,0,0,0,0,0,0,0,0,0,0,0,0,0,0,0,0,0,0,0,0,0,0,0,0,0,0,0,0,0,0,0,0,0,0,0,0,0,0,0,0,0,0,0,0,0,0,0,0
"Belgium-Luxembourg",0,0,0,0,0,0,0,0,0,0,0,0,0,0,0,0,0,0,0,0,0,0,0,0,0,0,0,0,0,0,0,0,0,0,0,0,0,0,0,0,0,0,0,0,0,0,0,0,0,0,0,0,0,0,0,0,0
"Belgium",0,0,0,0,0,0,0,0,0,0,0,0,0,0,0,0,0,0,0,0,0,0,0,0,0,0,0,0,0,0,0,0,0,0,0,0,0,0,0,0,0,0,0,0,0,0,0,0,0,0,0,0,0,0,0,0,0
"Belize",1.1118e-06,1.0812e-06,1.207e-06,1.6524e-06,2.4582e-06,1.7646e-06,1.9754e-06,1.7034e-06,1.6014e-06,1.6898e-06,2.9614e-06,3.2062e-06,3.0702e-06,3.8692e-06,4.2364e-06,4.0834e-06,3.2742e-06,2.5024e-06,2.6588e-06,3.1212e-06,3.7808e-06,3.1824e-06,2.2542e-06,2.4004e-06,2.3358e-06,1.4552e-06,1.7136e-06,1.904e-06,3.961e-06,3.0464e-06,3.536e-06,2.7948e-06,4.2398e-06,4.0358e-06,4.6954e-06,5.5182e-06,5.95e-06,4.9708e-06,4.3826e-06,3.451e-06,3.8284e-06,4.5458e-06,4.318e-06,2.9852e-06,3.5972e-06,2.7744e-06,3.536e-06,3.2266e-06,4.3588e-06,4.386e-06,4.2398e-06,2.5806e-06,3.7366e-06,3.3422e-06,2.8424e-06,3.23e-06,3.7808e-06
"Benin",2.023e-06,1.4824e-06,1.9992e-06,2.1454e-06,2.652e-06,2.2678e-06,1.6966e-06,2.1624e-06,2.5466e-06,3.1416e-06,3.6176e-06,4.1548e-06,4.284e-06,5.5692e-06,6.9496e-06,9.7104e-06,8.4728e-06,8.6632e-06,7.8064e-06,7.9662e-06,7.803e-06,7.4086e-06,7.0346e-06,5.9296e-06,5.0252e-06,6.7082e-06,6.6232e-06,6.7796e-06,6.2152e-06,7.4596e-06,7.293e-06,7.412e-06,7.191e-06,8.3164e-06,9.843e-06,1.14546e-05,1.35966e-05,1.62588e-05,1.67178e-05,2.2202e-05,2.52314e-05,2.7404e-05,2.23142e-05,2.35654e-05,2.75162e-05,2.4854e-05,2.60814e-05,3.16948e-05,3.83418e-05,4.47984e-05,5.31182e-05,6.25736e-05,0.0001047302,7.10056e-05,6.2169e-05,7.83972e-05,8.15116e-05
"Bermuda",0,0,0,0,0,0,0,0,0,0,0,0,0,0,0,0,0,0,0,0,0,0,0,0,0,0,0,0,0,0,0,0,0,0,0,0,0,0,0,0,0,0,0,0,0,0,0,0,0,0,0,0,0,0,0,0,0
"Bhutan",7.2386e-05,7.4341e-05,7.62994e-05,7.82544e-05,8.02094e-05,8.21678e-05,8.41228e-05,8.60812e-05,8.80362e-05,8.99912e-05,9.19496e-05,9.39046e-05,9.5863e-05,9.7818e-05,9.9773e-05,0.0001017314,0.0001036864,0.0001056448,0.0001075998,0.0001107312,0.0001095548,0.0001134682,0.0001173816,0.0001197752,0.0001252084,0.0001369452,0.000144772,0.000101847,0.0001017314,0.000102884,0.000122366,0.0001169736,0.0001132438,0.0001095548,0.0001173816,0.0001172626,0.0001117342,0.0001046588,9.86272e-05,0.0001017314,8.99912e-05,7.31986e-05,7.68196e-05,7.3763e-05,9.88992e-05,0.0001033192,0.000107695,7.5735e-05,9.2803e-05,8.9267e-05,9.51286e-05,8.2739e-05,8.32898e-05,7.96586e-05,7.81354e-05,8.40446e-05,8.13722e-05
"Bolivia (Plurinational State of)",5.65522e-05,6.36242e-05,6.902e-05,7.48e-05,7.803e-05,7.97878e-05,7.31034e-05,9.2905e-05,0.0001298528,0.0001311992,0.000127211,0.000122094,0.000111146,0.000126854,0.000177905,0.0001708602,0.0001649714,0.0001502732,0.0001224986,0.0001574132,0.0001507968,0.0001292238,0.0001036932,0.0002711874,0.0002684436,0.000219436,0.000222411,0.0002290274,0.0002501142,0.0002603278,0.0002726528,0.0002975306,0.000298061,0.0003246048,0.000309366,0.0003116984,0.0003002982,0.0003381096,0.0004313274,0.0003720212,0.0003477384,0.0003091246,0.0003359982,0.000362219,0.0004483478,0.0004007886,0.0004046102,0.0003698554,0.0004445942,0.0004622844,0.0004242894,0.0003748534,0.000395794,0.0004163198,0.00039593,0.0003900922,0.0004113218
"Bosnia and Herzegovina",0,0,0,0,0,0,0,0,0,0,0,0,0,0,0,0,0,0,0,0,0,0,0,0,0,0,0,0,0,0,0,0,0,0,0,0,0,0,0,0,0,0,0,0,0,0,0,0,0,0,0,0,0,0,0,0,0
"Botswana",0,0,0,0,0,0,0,0,0,0,0,0,0,0,0,0,0,0,0,0,0,0,0,0,0,0,0,0,0,0,0,0,0,0,0,0,0,0,0,0,0,0,0,0,0,0,0,0,0,0,0,0,0,0,0,0,0
"Brazil",0.0070103036,0.0073985258,0.0082201154,0.0092373308,0.0102014824,0.0088452734,0.0094775986,0.009848219,0.0102054604,0.0109971844,0.0105219562,0.0100116162,0.0105900582,0.0103030472,0.0117196402,0.0147017666,0.0132343708,0.012420319,0.012041695,0.0137888428,0.0134766174,0.0133062978,0.0112822846,0.0118194778,0.0105014032,0.0123483444,0.013251874,0.013165667,0.0116045468,0.008716818,0.0091031226,0.0103519426,0.009743006,0.0097507104,0.00965957,0.0071901772,0.0067543006,0.0067632868,0.0084221332,0.0080942338,0.006941372,0.0069396584,0.0070253724,0.0082451802,0.0086487126,0.0065616872,0.0063850164,0.00629612,0.006343295,0.0060129306,0.0060801452,0.0053300848,0.0051972672,0.0051701556,0.0047229502,0.0042934588,0.0044352082
"British Virgin Islands",0,0,0,0,0,0,0,0,0,0,0,0,0,0,0,0,0,0,0,0,0,0,0,0,0,0,0,0,0,0,0,0,0,0,0,0,0,0,0,0,0,0,0,0,0,0,0,0,0,0,0,0,0,0,0,0,0
"Brunei Darussalam",1.67416e-05,1.67144e-05,1.66532e-05,1.5351e-05,1.48172e-05,1.44534e-05,2.05462e-05,2.05462e-05,2.15492e-05,2.04034e-05,1.61398e-05,1.45996e-05,1.48886e-05,1.9856e-05,2.14676e-05,2.1726e-05,1.67246e-05,1.4229e-05,1.25222e-05,1.17538e-05,1.07916e-05,9.4214e-06,9.9994e-06,1.23964e-05,5.1544e-06,4.2568e-06,5.9976e-06,5.253e-06,4.131e-06,3.5428e-06,3.247e-06,3.5428e-06,2.0672e-06,2.7744e-06,1.8292e-06,1.5946e-06,2.108e-06,2.4582e-06,2.244e-06,2.7166e-06,2.8322e-06,3.0124e-06,4.0732e-06,4.4676e-06,5.7562e-06,6.4634e-06,8.0002e-06,7.6738e-06,1.02204e-05,1.09106e-05,9.469e-06,1.0608e-05,7.5582e-06,5.6678e-06,5.457e-06,5.9806e-06,5.4298e-06
"Bulgaria",9.88652e-05,0.0001124516,0.0001114996,0.0001083104,0.0001025984,0.0001162868,0.000130662,0.0001288736,0.0001479204,0.000163421,0.0001618502,0.0001413346,0.0001546626,0.0001598612,0.0001600312,0.0001585556,0.000163591,0.000158185,0.0001562504,0.0001575764,0.0001564238,0.000156536,0.0001485392,0.0001523098,0.0001223422,0.0001262352,0.000134623,0.000134402,0.00012988,0.0001008168,7.80912e-05,4.3078e-05,2.96922e-05,7.8744e-06,1.31376e-05,2.48098e-05,3.61182e-05,3.1093e-05,1.34912e-05,3.39966e-05,3.71008e-05,3.9661e-05,5.36248e-05,5.39682e-05,4.28468e-05,4.32106e-05,6.26688e-05,7.41404e-05,7.91316e-05,0.0001140224,0.000112251,9.39862e-05,9.72366e-05,0.000105128,0.0001181432,0.0001141244,9.9331e-05
"Burkina Faso",0.0004561338,0.0005663482,0.0002779092,0.0002948548,0.0002796024,0.0002923116,0.0003035554,0.0003899256,0.0003399966,0.000341581,0.000338929,0.0003427574,0.0003299292,0.0002761276,0.000349928,0.000381276,0.000270249,0.000296548,0.000338912,0.0003099848,0.0003344308,0.0002128196,0.0001825222,0.0001782416,0.0002350454,0.0001913656,0.0001603236,0.000185317,0.0001725908,0.0001948744,0.0001525104,0.0002101268,0.0002107762,0.0002639692,0.0003698554,0.000396644,0.0004815692,0.0003889362,0.0003215516,0.0003401836,0.0004952848,0.0003971302,0.000404617,0.0004195124,0.0004453558,0.0003744964,0.0003434374,0.0006787216,0.000781558,0.0011331282,0.001154572,0.001159621,0.0011764646,0.0012222932,0.0012091964,0.0014417156,0.0013987396
"Burundi",1.8972e-06,2.618e-06,2.2848e-06,2.856e-06,2.499e-06,2.2882e-06,3.3898e-06,5.236e-06,4.9232e-06,8.3538e-06,7.4086e-06,5.2904e-06,6.3104e-06,7.2998e-06,7.0652e-06,7.2012e-06,9.758e-06,9.996e-06,7.14e-06,1.01252e-05,1.19e-05,8.33e-06,8.33e-06,1.428e-05,1.07814e-05,1.62078e-05,2.856e-05,2.38e-05,2.856e-05,2.856e-05,3.094e-05,3.094e-05,3.04674e-05,2.92366e-05,2.38e-05,3.57e-05,4.76e-05,3.2606e-05,4.284e-05,4.046e-05,4.522e-05,4.5696e-05,4.641e-05,4.6648e-05,4.7362e-05,4.879e-05,4.998e-05,5.236e-05,5.712e-05,7.03732e-05,8.10356e-05,7.30932e-05,5.15746e-05,5.64774e-05,8.15048e-05,0.0001517284,0.0001056346
"Cabo Verde",0,0,0,0,0,0,0,0,0,0,0,0,0,0,0,0,0,0,0,0,0,0,0,0,0,0,0,0,0,0,0,0,0,0,0,0,0,0,0,0,0,0,0,0,0,0,0,0,0,0,0,0,0,0,0,0,0
"Cambodia",0.0115776324,0.0121294524,0.011848235,0.0126122966,0.0124372,0.0115776324,0.0107180648,0.0123310792,0.0103148112,0.0127290254,0.009975226,0.0074230534,0.004303142,0.0029448148,0.0047753748,0.005305972,0.005305972,0.005305972,0.0041068226,0.007640599,0.0069879656,0.0085691458,0.008553227,0.0051892398,0.0076936594,0.0080650788,0.007269183,0.0096833972,0.0098744126,0.0098425784,0.0091209658,0.0089426868,0.0096761042,0.0079303062,0.0102086904,0.009969922,0.0102335682,0.0104133194,0.0110334624,0.0100981088,0.0105073906,0.0105835302,0.0118961818,0.0111905594,0.012811268,0.0133520278,0.0136151232,0.0138664308,0.0141913688,0.0147320674,0.0157509318,0.015957951,0.0157213246,0.0151658462,0.0148484902,0.0154327632,0.0156571394
"Cameroon",1.77344e-05,2.30588e-05,3.25958e-05,3.02294e-05,2.60168e-05,3.34424e-05,3.68594e-05,3.38198e-05,3.52036e-05,3.94434e-05,3.72504e-05,4.02424e-05,4.50466e-05,5.0524e-05,5.64434e-05,6.11388e-05,5.84426e-05,7.5871e-05,5.4587e-05,4.64236e-05,5.1e-05,6.57832e-05,4.15582e-05,4.39348e-05,5.39546e-05,4.76e-05,3.57e-05,2.77508e-05,2.68464e-05,2.62752e-05,2.38e-05,3.57e-05,2.38e-05,2.70878e-05,2.66526e-05,2.737e-05,2.618e-05,3.57e-05,4.85214e-05,4.84432e-05,4.88002e-05,9.52e-05,9.4588e-05,9.5761e-05,0.0001071,0.000119,0.0001624792,0.0001713872,0.0001166472,0.0003331422,0.0003077238,0.000304368,0.0003968276,0.0003020254,0.000539733,0.0006572948,0.0006426
"Canada",0,0,0,0,0,0,0,0,0,0,0,0,0,0,0,0,0,0,0,0,0,0,0,0,0,0,0,0,0,0,0,0,0,0,0,0,0,0,0,0,0,0,0,0,0,0,0,0,0,0,0,0,0,0,0,0,0
"Cayman Islands",0,0,0,0,0,0,0,0,0,0,0,0,0,0,0,0,0,0,0,0,0,0,0,0,0,0,0,0,0,0,0,0,0,0,0,0,0,0,0,0,0,0,0,0,0,0,0,0,0,0,0,0,0,0,0,0,0
"Central African Republic",8.33e-06,9.52e-06,1.19e-05,1.547e-05,1.666e-05,1.666e-05,1.666e-05,2.38e-05,3.57e-05,3.0226e-05,3.094e-05,3.213e-05,1.85878e-05,3.32146e-05,3.07632e-05,3.213e-05,4.284e-05,3.04844e-05,3.21334e-05,3.27386e-05,3.17866e-05,3.3558e-05,2.1896e-05,2.43712e-05,1.79928e-05,1.9992e-05,2.34668e-05,2.28004e-05,2.26644e-05,1.11282e-05,1.36374e-05,1.31172e-05,1.27908e-05,1.4484e-05,1.56434e-05,2.7047e-05,2.856e-05,3.094e-05,3.332e-05,3.689e-05,4.046e-05,4.3792e-05,3.451e-05,3.808e-05,5.474e-05,5.95e-05,5.96496e-05,6.0248e-05,6.20534e-05,3.9746e-05,5.95e-05,3.332e-05,3.69512e-05,2.17974e-05,1.7306e-05,1.86762e-05,1.80982e-05
"Chad",5.236e-05,5.5573e-05,6.307e-05,6.426e-05,6.51882e-05,6.7439e-05,5.8786e-05,7.37324e-05,8.6615e-05,9.758e-05,0.0001302608,0.0001191224,0.0001309,0.000102816,9.68218e-05,0.000111809,3.9984e-05,0.000119,0.000119,9.52e-05,9.52e-05,9.83994e-05,9.10554e-05,7.62654e-05,3.52206e-05,4.38158e-05,5.08164e-05,7.5242e-05,9.044e-05,8.77132e-05,0.0001153654,0.0001270886,9.84334e-05,0.0001237566,0.0001657262,0.0001482842,0.000207111,0.0001817436,0.0002162366,0.0002131732,0.0002074612,0.0002470508,0.0002529192,0.0002233596,0.0002613818,0.0002606202,0.0002027658,0.0002638332,0.0002968064,0.0003302012,0.0002874836,0.0003464328,0.0005182892,0.0004610468,0.0004093872,0.0004341222,0.000454648
"Chile",0.000289476,0.00020825,0.000232016,0.0002297822,0.0002065432,0.0002773958,0.0002481864,0.0002442764,0.0001217608,0.0001896758,0.0002050166,0.0001932832,0.000139434,0.0001035606,0.0001720774,0.0002150194,0.0002666892,0.00024548,0.0003540046,0.0003071492,0.0002361538,0.0002779704,0.0002288574,0.000299931,0.0002897004,0.0002408152,0.0002802994,0.0002925598,0.0003233196,0.0002451026,0.0002237438,0.0002388602,0.000218705,0.0002283304,0.0002551802,0.00024089,0.0001812132,0.000200821,0.0001105272,0.0001937966,0.0002147202,0.0002104328,0.000212313,0.0001872686,0.0001882444,0.0002104328,0.0001636896,0.0001576376,0.000178092,0.0001844636,0.0001889312,0.0001804312,0.0001579368,0.0001684496,0.000178347,0.0001996004,0.0001574642
"China, Hong Kong SAR",9.17116e-05,6.98938e-05,4.87424e-05,5.34514e-05,5.28326e-05,5.85956e-05,3.90388e-05,6.16012e-05,4.99188e-05,4.24558e-05,2.87912e-05,2.35314e-05,1.94548e-05,1.17946e-05,1.2223e-05,1.13186e-05,4.5356e-06,1.1526e-06,4.08e-07,2.04e-07,1.224e-07,8.16e-08,5.44e-08,6.8e-08,3.74e-08,3.06e-08,2.38e-08,6.8e-09,6.8e-09,6.8e-09,0,0,0,0,0,0,0,0,0,0,0,0,0,0,0,0,0,0,0,0,0,0,0,0,0,0,0
"China, Macao SAR",0,0,0,0,0,0,0,0,0,0,0,0,0,0,0,0,0,0,0,0,0,0,0,0,0,0,0,0,0,0,0,0,0,0,0,0,0,0,0,0,0,0,0,0,0,0,0,0,0,0,0,0,0,0,0,0,0
"China, Taiwan Province of",0.00482664,0.004900896,0.004900896,0.004721444,0.004770948,0.004869956,0.004863768,0.004882332,0.00485758,0.0047957,0.004653376,0.00457912,0.004473924,0.004808076,0.004882332,0.0048658896,0.0048118432,0.0046552834,0.0044591476,0.003944459,0.0041279026,0.004080238,0.0039942248,0.0036304486,0.0034880396,0.0032892994,0.003103231,0.0029149492,0.0029421084,0.0028109976,0.002653428,0.0024575642,0.0024190558,0.0022637982,0.0022492088,0.0021519518,0.0022536696,0.0022134476,0.0021849828,0.0021014448,0.0020520598,0.0018984784,0.0016839044,0.0014666478,0.001664572,0.0016286204,0.0016095974,0.0015611814,0.0015754036,0.0015090186,0.0015733296,0.0016136026,0.00167178,0.0016772642,0.0015585158,0.0016945022,0.0017826472
"China, mainland",0.156749775,0.160678968,0.1653307528,0.1766167366,0.1779185082,0.1821163658,0.1815669972,0.1783304862,0.1815431122,0.1930321236,0.2083010918,0.209644612,0.2093281774,0.2118420966,0.213137942,0.2160519936,0.2119256958,0.2055422944,0.20206693,0.2021027592,0.1986154472,0.1972837726,0.1978709798,0.1981221616,0.1915034394,0.1926738384,0.192236731,0.1910106298,0.1952678242,0.197443236,0.1946085778,0.1916241088,0.1812624558,0.180166102,0.1835853358,0.1875391924,0.189682158,0.1863907098,0.1868099026,0.1789150278,0.1720509412,0.1684059882,0.1582904,0.1694611374,0.1722599426,0.1728002944,0.172687496,0.1746108896,0.17691526,0.1783866168,0.1794832086,0.1799613404,0.1810041918,0.180992965,0.1838241926,0.18359728,0.1836032504
"Colombia",0.0016703214,0.0020961816,0.0017893792,0.002131052,0.0026400388,0.00246568,0.002047922,0.0019522902,0.0017644402,0.0016429378,0.0017859282,0.0019291464,0.0020490508,0.0025963624,0.0026872376,0.0025054838,0.002375682,0.0030593098,0.0030338438,0.0029179548,0.0030927726,0.0033386028,0.002997491,0.0026126348,0.0026108022,0.00229075,0.0024551128,0.0027404272,0.0036337092,0.0036710446,0.0030651918,0.0029839726,0.0027186944,0.0028762776,0.0028655506,0.0028690084,0.0027762088,0.0028375108,0.003206625,0.0033304938,0.0033406802,0.003027785,0.0035084736,0.0036614362,0.0032124628,0.0030286384,0.0030426362,0.0034769896,0.0037206268,0.0033976846,0.0035767082,0.0033969876,0.0036656692,0.0032495738,0.0035991652,0.004018579,0.0042075408
"Comoros",7.616e-05,7.616e-05,8.6632e-05,8.7584e-05,0.000103768,0.00011424,0.000103768,8.568e-05,8.568e-05,8.568e-05,8.568e-05,8.6632e-05,8.7584e-05,9.044e-05,9.044e-05,9.52e-05,9.8056e-05,9.996e-05,0.00011424,0.00011424,0.00011424,0.00011424,0.00011424,0.00012376,0.000121856,0.000121856,0.000121856,0.000121856,0.00012376,0.0001258918,0.00012852,0.00013328,0.0001370574,0.0001369486,0.0001381726,0.0001392572,0.000140267,0.00014127,0.0001377714,0.0001202478,0.0001343544,0.000136867,0.000139553,0.0001423036,0.0001428,0.00016184,0.00013328,0.00016184,0.0001666,0.00018088,0.00019992,0.00020944,0.0002142,0.0002252466,0.000235518,0.000244817,0.0002535754
"Congo",1.19e-05,1.2138e-05,1.0948e-05,1.1067e-05,1.1424e-05,7.14e-06,7.14e-06,8.33e-06,8.33e-06,4.76e-06,7.14e-06,1.32906e-05,1.19e-05,1.58712e-05,9.044e-06,9.2344e-06,9.282e-06,8.33e-06,7.14e-06,6.426e-06,6.426e-06,4.998e-06,3.808e-06,2.856e-06,2.142e-06,2.108e-06,2.1182e-06,2.2508e-06,2.329e-06,3.8862e-06,4.284e-06,4.471e-06,4.522e-06,4.9674e-06,3.808e-06,3.7672e-06,3.332e-06,3.2742e-06,4.3282e-06,4.4234e-06,4.5934e-06,4.7702e-06,4.046e-06,4.284e-06,4.522e-06,4.403e-06,4.522e-06,4.998e-06,5.474e-06,5.6882e-06,4.7124e-06,4.6852e-06,4.6988e-06,4.7192e-06,4.743e-06,4.7668e-06,4.794e-06
"Cook Islands",0,0,0,0,0,0,0,0,0,0,0,0,0,0,0,0,0,0,0,0,0,0,0,0,0,0,0,0,0,0,0,0,0,0,0,0,0,0,0,0,0,0,0,0,0,0,0,0,0,0,0,0,0,0,0,0,0
"Costa Rica",4.58864e-05,4.93136e-05,4.88376e-05,5.17888e-05,5.21696e-05,5.30264e-05,5.4264e-05,5.9024e-05,4.98848e-05,4.13168e-05,3.3796e-05,3.0464e-05,6.23152e-05,7.57044e-05,8.29192e-05,7.63164e-05,6.7626e-05,7.21106e-05,7.616e-05,5.712e-05,7.616e-05,7.33958e-05,6.9683e-05,6.88636e-05,7.04004e-05,5.7426e-05,4.83344e-05,5.55526e-05,4.11706e-05,4.83854e-05,4.6104e-05,5.0184e-05,3.98616e-05,4.26326e-05,3.91714e-05,5.47842e-05,5.42028e-05,5.33256e-05,6.15604e-05,6.5076e-05,5.42334e-05,4.5594e-05,5.14488e-05,5.91328e-05,5.2598e-05,4.65324e-05,4.49854e-05,5.1459e-05,6.02888e-05,7.61294e-05,7.50176e-05,5.38118e-05,6.32094e-05,4.37308e-05,4.65494e-05,4.59e-05,3.19362e-05
"Croatia",0,0,0,0,0,0,0,0,0,0,0,0,0,0,0,0,0,0,0,0,0,0,0,0,0,0,0,0,0,0,0,0,0,0,0,0,0,0,0,0,0,0,0,0,0,0,0,0,0,0,0,0,0,0,0,0,0
"Cuba",0.001428,0.0015632792,0.0013328,0.0006756242,0.00036176,0.00030464,0.0004223752,0.000684488,0.001221416,0.001859256,0.001600312,0.00161942,0.002144856,0.00193868,0.001696464,0.0015540448,0.0014447552,0.0014444968,0.0014039892,0.0014028094,0.001374688,0.001434664,0.001419432,0.001528912,0.001515584,0.001624112,0.0014593684,0.0014420624,0.0015938486,0.0014746106,0.0014484578,0.0016357366,0.0009244498,0.0015872968,0.001472744,0.0022193772,0.0020315884,0.0018461082,0.0016287564,0.0019050472,0.0017502996,0.0018844364,0.001947792,0.0015025042,0.0012109168,0.0013597314,0.0012956618,0.0014804926,0.0020539502,0.0016796034,0.0019805986,0.0019297788,0.0018832736,0.0016333668,0.001067821,0.001332953,0.0010696298
"Cyprus",0,0,0,0,0,0,0,0,0,0,0,0,0,0,0,0,0,0,0,0,0,0,0,0,0,0,0,0,0,0,0,0,0,0,0,0,0,0,0,0,0,0,0,0,0,0,0,0,0,0,0,0,0,0,0,0,0
"Czech Republic",0,0,0,0,0,0,0,0,0,0,0,0,0,0,0,0,0,0,0,0,0,0,0,0,0,0,0,0,0,0,0,0,0,0,0,0,0,0,0,0,0,0,0,0,0,0,0,0,0,0,0,0,0,0,0,0,0
"Czechoslovakia",0,0,0,0,0,0,0,0,0,0,0,0,0,0,0,0,0,0,0,0,0,0,0,0,0,0,0,0,0,0,0,0,0,0,0,0,0,0,0,0,0,0,0,0,0,0,0,0,0,0,0,0,0,0,0,0,0
"Cæª›e d Ivoire",0.0002137614,0.0002697968,0.0002542316,0.0002812106,0.0002708338,0.0002677228,0.000312239,0.000311304,0.0002991626,0.0002999922,0.0002926244,0.0002926244,0.0003009272,0.0003289432,0.0004046952,0.000412998,0.0004244118,0.0004441284,0.000464882,0.0003735648,0.0003528112,0.000363188,0.0003943184,0.0004264858,0.000466956,0.0005281798,0.0005312908,0.0005385566,0.0005655356,0.0005935516,0.00064855,0.000673455,0.0005250654,0.000647836,0.000674492,0.0004999428,0.0004999428,0.0003975892,0.0003548614,0.000354331,0.0003535966,0.0003532736,0.0003527466,0.000353804,0.0003664758,0.0003839416,0.0003698248,0.0003805484,0.0003915848,0.0004097476,0.0003940022,0.0006889352,0.0008177034,0.0008776692,0.0008983854,0.0008491364,0.0008603836
"Democratic People s Republic of Korea",0.002542384,0.0026634478,0.0027239814,0.0029055788,0.0029055788,0.003026646,0.003026646,0.003026646,0.0032082434,0.0032082434,0.0032082434,0.0032082434,0.0034503778,0.0036319752,0.0037833058,0.0038135726,0.0039346398,0.003977014,0.0039951734,0.0039346398,0.004055707,0.0038741062,0.003904373,0.003904373,0.003904373,0.003904373,0.003904373,0.003904373,0.0038135726,0.0036319752,0.0035593342,0.003583549,0.0035653896,0.0035290708,0.0035230154,0.003510908,0.0036985608,0.003510908,0.003510908,0.0032385102,0.0034624818,0.0035282038,0.0035351228,0.0035290708,0.0035314916,0.0035314916,0.0035314916,0.0034527374,0.0034443224,0.0034503778,0.0034564298,0.0034080036,0.0033111512,0.0031779766,0.0028159922,0.0028371776,0.0028762674
"Democratic Republic of the Congo",7.12096e-05,7.52556e-05,6.069e-05,5.50256e-05,8.25996e-05,9.16028e-05,0.00010115,0.0001877344,0.000171955,0.0001977678,0.0002023,0.0002045644,0.000208692,0.0002114426,0.0002167024,0.0002205886,0.0002239852,0.0002255254,0.000229976,0.000237014,0.0002433278,0.0002501244,0.0002574888,0.0002644452,0.0003148026,0.0003178286,0.0003325472,0.0003527058,0.0003719328,0.0003942334,0.0003965012,0.0004501192,0.0004815794,0.000475269,0.0004022472,0.0003729732,0.0003452224,0.0003886914,0.0003751254,0.000362049,0.0003494282,0.0003370012,0.0003373786,0.0003377526,0.0003381266,0.000338504,0.000338878,0.000339252,0.0003396294,0.0003400034,0.0003408228,0.0006894282,0.0008649226,0.00108664,0.0010877314,0.0010753452,0.0009752084
"Denmark",0,0,0,0,0,0,0,0,0,0,0,0,0,0,0,0,0,0,0,0,0,0,0,0,0,0,0,0,0,0,0,0,0,0,0,0,0,0,0,0,0,0,0,0,0,0,0,0,0,0,0,0,0,0,0,0,0
"Djibouti",0,0,0,0,0,0,0,0,0,0,0,0,0,0,0,0,0,0,0,0,0,0,0,0,0,0,0,0,0,0,0,0,0,0,0,0,0,0,0,0,0,0,0,0,0,0,0,0,0,0,0,0,0,0,0,0,0
"Dominica",0,0,0,0,0,0,0,0,0,0,0,0,0,0,0,0,0,0,0,0,0,0,0,0,0,0,0,0,0,0,0,0,0,0,0,0,0,0,0,0,0,0,0,0,0,0,0,0,0,0,0,0,0,0,0,0,0
"Dominican Republic",0.0005411168,0.0005411168,0.000559776,0.000606424,0.0007090496,0.0007090496,0.000752199,0.0008215658,0.0007836864,0.0007746186,0.0006903904,0.0006232166,0.0006129554,0.0006278814,0.0008284678,0.001065441,0.00105043,0.000956284,0.001020425,0.0010449152,0.0010367994,0.0009609488,0.000979608,0.0010915632,0.0010290644,0.000914413,0.0010582194,0.0009335482,0.000975579,0.0008337038,0.000904349,0.0005878906,0.000824143,0.0007525696,0.0009515682,0.0009614656,0.0009840722,0.0010367348,0.001163582,0.001169753,0.0013754632,0.0014029284,0.0012233676,0.0012497992,0.0014310294,0.0014210198,0.0014523848,0.0015047516,0.0016980994,0.0016646808,0.0016302354,0.0015011646,0.0014961904,0.0015221902,0.0014873538,0.0015317918,0.0016269782
"Ecuador",0.0006757738,0.0007979018,0.0008072416,0.0007776242,0.0007340362,0.0007898608,0.0008104614,0.0007983948,0.0006545374,0.000618273,0.0004040322,0.000652545,0.000605166,0.0007331862,0.0008737286,0.0009624006,0.0007643642,0.000580482,0.0007916492,0.0009039818,0.0009373052,0.0009404808,0.0006772358,0.0009930312,0.0010702656,0.001626798,0.001969926,0.0020535932,0.0019819926,0.0019220166,0.0014781942,0.002210544,0.0025433394,0.0027129144,0.002824584,0.0028029498,0.0029291136,0.0023228494,0.0026141682,0.0024179746,0.0024910474,0.0026403584,0.0025530056,0.0030098534,0.002693922,0.0025529648,0.0028427978,0.0025335644,0.0028189638,0.0028069992,0.002355894,0.0026501538,0.0028329378,0.002528529,0.0026783364,0.0026146238,0.002556834
"Egypt",0.00215152,0.00332248,0.00383656,0.00384608,0.00338912,0.0033796,0.00430304,0.00482664,0.00477904,0.0045696,0.0045470478,0.0045830436,0.0039871664,0.0042111142,0.0042098664,0.0043128456,0.0041569284,0.004140894,0.004178243,0.0038877198,0.0038240412,0.0041008148,0.00402696,0.0039385294,0.003699472,0.004030768,0.0039311888,0.003347232,0.003934293,0.0041498428,0.0044025988,0.00486472,0.0051319566,0.0055137664,0.0056028804,0.0056210738,0.006199492,0.004929762,0.0062375992,0.0062757472,0.0053599606,0.0061907234,0.0060315864,0.0061467784,0.005838616,0.0063828744,0.0067025934,0.0070932772,0.0054784472,0.004374678,0.0056471212,0.0059051132,0.0056843818,0.0054616614,0.0048633192,0.0054139084,0.0065298428
"El Salvador",8.4626e-06,1.03428e-05,8.6632e-06,1.40964e-05,1.25936e-05,1.87782e-05,2.6656e-05,2.59896e-05,1.01966e-05,1.13288e-05,1.394e-05,1.04618e-05,9.0644e-06,1.05944e-05,1.61262e-05,1.31342e-05,1.18626e-05,1.32294e-05,1.40624e-05,1.59766e-05,1.31818e-05,1.06522e-05,1.19816e-05,1.45928e-05,1.64594e-05,1.14614e-05,1.11282e-05,1.31274e-05,1.47696e-05,1.35728e-05,1.55278e-05,1.57284e-05,1.5062e-05,1.4195e-05,9.129e-06,1.01966e-05,1.41576e-05,9.8294e-06,1.03972e-05,7.7622e-06,5.9568e-06,4.6648e-06,3.162e-06,3.8012e-06,3.4306e-06,3.9916e-06,4.0222e-06,4.2228e-06,5.542e-06,4.6784e-06,4.4472e-06,4.216e-06,5.6032e-06,6.7592e-06,5.7698e-06,3.7944e-06,3.604e-06
"Equatorial Guinea",0,0,0,0,0,0,0,0,0,0,0,0,0,0,0,0,0,0,0,0,0,0,0,0,0,0,0,0,0,0,0,0,0,0,0,0,0,0,0,0,0,0,0,0,0,0,0,0,0,0,0,0,0,0,0,0,0
"Eritrea",0,0,0,0,0,0,0,0,0,0,0,0,0,0,0,0,0,0,0,0,0,0,0,0,0,0,0,0,0,0,0,0,0,0,0,0,0,0,0,0,0,0,0,0,0,0,0,0,0,0,0,0,0,0,0,0,0
"Estonia",0,0,0,0,0,0,0,0,0,0,0,0,0,0,0,0,0,0,0,0,0,0,0,0,0,0,0,0,0,0,0,0,0,0,0,0,0,0,0,0,0,0,0,0,0,0,0,0,0,0,0,0,0,0,0,0,0
"Ethiopia PDR",0,0,0,0,0,0,0,0,0,0,0,0,0,0,0,0,0,0,0,0,0,0,0,0,0,0,0,0,0,0,0,0,0,0,0,0,0,0,0,0,0,0,0,0,0,0,0,0,0,0,0,0,0,0,0,0,0
"Ethiopia",0,0,0,0,0,0,0,0,0,0,0,0,0,0,0,0,0,0,0,0,0,0,0,0,0,0,0,0,0,0,0,0,2.5704e-05,2.37388e-05,2.8084e-05,2.53572e-05,3.094e-05,3.332e-05,3.57e-05,3.9032e-05,3.9814e-05,3.6652e-05,3.4272e-05,3.094e-05,2.97058e-05,3.05626e-05,2.9036e-05,0.000164271,0.000227239,0.0001421608,0.0001458906,0.000199019,0.0001609832,0.000222921,0.0002163624,0.000230469,0.0002307852
"Falkland Islands (Malvinas)",0,0,0,0,0,0,0,0,0,0,0,0,0,0,0,0,0,0,0,0,0,0,0,0,0,0,0,0,0,0,0,0,0,0,0,0,0,0,0,0,0,0,0,0,0,0,0,0,0,0,0,0,0,0,0,0,0
"Faroe Islands",0,0,0,0,0,0,0,0,0,0,0,0,0,0,0,0,0,0,0,0,0,0,0,0,0,0,0,0,0,0,0,0,0,0,0,0,0,0,0,0,0,0,0,0,0,0,0,0,0,0,0,0,0,0,0,0,0
"Fiji",6.1642e-05,6.06764e-05,5.77864e-05,4.81576e-05,3.84744e-05,3.98378e-05,4.17316e-05,4.26496e-05,4.62332e-05,5.13162e-05,4.25068e-05,4.23776e-05,3.808e-05,4.2398e-05,4.85044e-05,4.2891e-05,4.43258e-05,4.20036e-05,4.46046e-05,4.28774e-05,3.89606e-05,4.54784e-05,4.24796e-05,4.97046e-05,5.54676e-05,5.43388e-05,5.82012e-05,6.37874e-05,6.25804e-05,5.76538e-05,5.87248e-05,4.96978e-05,4.50262e-05,3.74374e-05,3.315e-05,4.0035e-05,3.808e-05,3.808e-05,2.9801e-05,2.50988e-05,2.856e-05,2.5228e-05,3.094e-05,2.9036e-05,3.0464e-05,2.618e-05,2.64758e-05,2.41672e-05,1.92984e-05,1.20904e-05,1.3209e-05,9.0712e-06,1.0234e-05,5.9432e-06,9.5302e-06,9.5914e-06,1.44092e-05
"Finland",0,0,0,0,0,0,0,0,0,0,0,0,0,0,0,0,0,0,0,0,0,0,0,0,0,0,0,0,0,0,0,0,0,0,0,0,0,0,0,0,0,0,0,0,0,0,0,0,0,0,0,0,0,0,0,0,0
"France",0.000565488,0.0005329296,0.0005060254,0.0005143724,0.0005090072,0.000479655,0.0004659292,0.0004196076,0.0003926388,0.000368424,0.0003461472,0.0003067344,0.0002724624,0.000248472,0.0001747872,0.0001336608,0.0001902096,0.0001936368,0.0001182384,0.0001130976,9.08208e-05,9.25344e-05,0.000119952,0.0001576512,0.0001919232,0.0002004912,0.0002048092,0.0002456602,0.0003003934,0.0003495744,0.0003700526,0.0004173466,0.0004524754,0.000481865,0.0004486198,0.0003929278,0.0003696242,0.0003346654,0.0003101616,0.000340493,0.0003286678,0.000316846,0.0003262708,0.0003454604,0.0003058776,0.0002966228,0.000359754,0.0003317856,0.0004093464,0.0004083162,0.0003971608,0.0003800758,0.000351424,0.0002873884,0.0002770388,0.0002924952,0.0002990606
"French Guiana",1.853e-06,2.805e-06,3.604e-07,4.08e-07,4.08e-07,7.684e-07,3.604e-07,9.18e-08,2.72e-07,9.18e-08,2.72e-07,2.278e-07,9.044e-07,9.044e-07,9.044e-07,9.044e-07,1.3566e-06,1.989e-06,5.8786e-06,4.0698e-06,4.6138e-06,4.0256e-06,8.7278e-06,1.41542e-05,1.85776e-05,2.35518e-05,2.8815e-05,3.2793e-05,3.63766e-05,4.61618e-05,6.0333e-05,6.67352e-05,6.67352e-05,6.98734e-05,7.23622e-05,8.05188e-05,8.39358e-05,8.11342e-05,6.8935e-05,7.93866e-05,7.50278e-05,7.47388e-05,5.43456e-05,8.01482e-05,8.07636e-05,7.99306e-05,3.36532e-05,2.63806e-05,2.9835e-05,2.58128e-05,1.31138e-05,1.31138e-05,1.3566e-05,1.49226e-05,1.44704e-05,1.53748e-05,1.717e-05
"French Polynesia",0,0,0,0,0,0,0,0,0,0,0,0,0,0,0,0,0,0,0,0,0,0,0,0,0,0,0,0,0,0,0,0,0,0,0,0,0,0,0,0,0,0,0,0,0,0,0,0,0,0,0,0,0,0,0,0,0
"Gabon",8.33e-07,1.1424e-06,5.712e-07,9.384e-07,8.942e-07,8.33e-07,8.33e-07,8.33e-07,3.094e-07,8.704e-07,9.52e-07,9.52e-07,1.071e-06,7.14e-07,5.95e-07,5.95e-07,7.14e-07,9.044e-07,9.52e-07,9.52e-07,9.52e-07,9.52e-07,9.52e-07,5.678e-07,6.902e-07,6.902e-07,2.38e-07,5.712e-07,9.044e-07,9.52e-07,1.1968e-06,8.738e-07,4.726e-07,9.418e-07,9.69e-07,1.0064e-06,1.0336e-06,1.0642e-06,1.0948e-06,1.19e-06,1.1322e-06,1.1424e-06,1.1526e-06,1.1628e-06,1.1696e-06,1.1764e-06,1.0812e-06,1.2342e-06,1.275e-06,1.3124e-06,1.3532e-06,1.4756e-06,1.4756e-06,1.4586e-06,1.4144e-06,1.3872e-06,1.394e-06
"Gambia",0.0002080324,0.0002149718,0.0002184398,0.0002288438,0.0002305744,0.000231336,0.000154224,0.000249645,0.0002288438,0.0002427056,0.0002427056,0.0001996344,0.0001610784,0.0001876392,0.0001910664,0.0001953504,0.0001902096,0.0001962072,0.0001465128,0.0001859256,0.0002381904,0.0002330496,0.0001268064,9.08208e-05,0.0001036728,0.0001304036,0.0001364896,0.0001645906,0.0001203702,0.0001251608,0.0001152226,9.61588e-05,7.07472e-05,0.0001128324,0.0001319744,0.0001459382,0.0001088136,0.000119952,0.0001250928,0.0001319472,0.000119952,8.568e-05,9.86646e-05,0.000137088,0.000153136,0.0001571956,0.0001422968,0.000291312,0.000625464,0.0007381332,0.0003600804,0.0005448568,0.0005687452,0.0005679394,0.0005601398,0.0005646312,0.0005642368
"Georgia",0,0,0,0,0,0,0,0,0,0,0,0,0,0,0,0,0,0,0,0,0,0,0,0,0,0,0,0,0,0,0,0,0,0,0,0,0,0,0,0,0,0,0,0,0,0,0,0,0,0,0,0,0,0,0,0,0
"Germany",0,0,0,0,0,0,0,0,0,0,0,0,0,0,0,0,0,0,0,0,0,0,0,0,0,0,0,0,0,0,0,0,0,0,0,0,0,0,0,0,0,0,0,0,0,0,0,0,0,0,0,0,0,0,0,0,0
"Ghana",6.28728e-05,6.39744e-05,7.3967e-05,9.74542e-05,7.3814e-05,7.53984e-05,9.9858e-05,0.000104482,0.0001119552,0.000125664,0.000138686,0.000159936,0.0001507968,0.000152626,0.0001793568,0.0001759296,0.0002947392,0.0002810304,0.000239904,0.0002261952,0.0002650368,0.0001393728,9.1392e-05,0.0001576512,0.0001553664,0.0001738726,0.0001645056,0.000118354,0.000163591,0.0001119552,0.0002168282,0.0001820972,0.0001763852,0.000184841,0.0002282522,0.0002404752,0.0002689196,0.0002979386,0.0002405908,0.0002632076,0.0003108212,0.0002805952,0.0002673216,0.0002727854,0.000274176,0.0002856,0.0002488834,0.0003034228,0.0003709604,0.000414069,0.0004512038,0.0004330342,0.0004932992,0.0005117952,0.0005329738,0.0005571648,0.000590818
"Gibraltar",0,0,0,0,0,0,0,0,0,0,0,0,0,0,0,0,0,0,0,0,0,0,0,0,0,0,0,0,0,0,0,0,0,0,0,0,0,0,0,0,0,0,0,0,0,0,0,0,0,0,0,0,0,0,0,0,0
"Greece",0.000379083,0.0003177538,0.000323629,0.0004230892,0.0004064666,0.000289085,0.0003060646,0.0003595126,0.00036397,0.0002707488,0.0002553264,0.0002560472,0.0002930256,0.000359856,0.00034272,0.000325584,0.0003135888,0.0003153024,0.0003151324,0.0003050208,0.0002707488,0.0002660364,0.00025704,0.00025704,0.0002888946,0.000308448,0.00034272,0.000376992,0.0002758896,0.000282744,0.0002776032,0.0002467584,0.0003465892,0.0004057764,0.0004473346,0.0004902698,0.0004983958,0.0004498336,0.0003999964,0.000342346,0.000361709,0.0003849684,0.000399534,0.0004060042,0.000381701,0.0003980176,0.0004384946,0.0004306508,0.0004803758,0.0005149708,0.0005297778,0.0005275338,0.000481525,0.0004642938,0.000497675,0.0006021604,0.0005295024
"Greenland",0,0,0,0,0,0,0,0,0,0,0,0,0,0,0,0,0,0,0,0,0,0,0,0,0,0,0,0,0,0,0,0,0,0,0,0,0,0,0,0,0,0,0,0,0,0,0,0,0,0,0,0,0,0,0,0,0
"Grenada",0,0,0,0,0,0,0,0,0,0,0,0,0,0,0,0,0,0,0,0,0,0,0,0,0,0,0,0,0,0,0,0,0,0,0,0,0,0,0,0,0,0,0,0,0,0,0,0,0,0,0,0,0,0,0,0,0
"Guadeloupe",0,0,0,0,0,0,0,0,0,0,0,0,0,0,0,0,0,0,0,0,0,0,0,0,0,0,0,0,0,0,0,0,0,0,0,0,0,0,0,0,0,0,0,0,0,0,0,0,0,0,0,0,0,0,0,0,0
"Guam",0,0,0,0,0,0,0,0,0,0,0,0,0,0,0,0,0,0,0,0,0,0,0,0,0,0,0,0,0,0,0,0,0,0,0,0,0,0,0,0,0,0,0,0,0,0,0,0,0,0,0,0,0,0,0,0,0
"Guatemala",8.551e-06,9.7954e-06,1.19544e-05,1.08664e-05,7.14e-06,5.8412e-06,1.11384e-05,1.29132e-05,8.8978e-06,1.07372e-05,1.309e-05,1.04686e-05,1.18082e-05,1.16688e-05,1.55788e-05,1.78296e-05,1.15056e-05,1.09174e-05,1.19e-05,1.19952e-05,1.46608e-05,1.65274e-05,1.17368e-05,1.52592e-05,1.38618e-05,1.36612e-05,2.21918e-05,1.1424e-05,1.43956e-05,1.35932e-05,1.57284e-05,1.47934e-05,1.6592e-05,1.2308e-05,1.04448e-05,1.12438e-05,1.12608e-05,1.29404e-05,1.39944e-05,1.39944e-05,1.43276e-05,1.52592e-05,1.3804e-05,7.9832e-06,8.6496e-06,8.6496e-06,7.3202e-06,7.4528e-06,9.4486e-06,9.979e-06,1.0115e-05,1.02476e-05,1.04448e-05,1.06454e-05,1.06454e-05,1.0778e-05,1.03156e-05
"Guinea-Bissau",0.00014518,0.0001547,0.0001547,0.0001904,0.0001428,0.0001071,8.33e-05,7.14e-05,7.14e-05,7.14e-05,7.14e-05,7.616e-05,8.33e-05,0.000119,0.0001785,0.0002142,0.0001904,0.0001428,0.0001428,0.0001428,0.0002142,0.00034034,0.0002856,0.000238,0.0001428,0.0001309,0.000119,0.0001161304,0.0001300398,0.000143038,0.000146217,0.0001547544,0.0001518168,0.0001553902,0.0001663178,0.0001556928,0.0001428,0.000143497,0.00016184,0.000177667,0.0001640296,0.00016184,0.0001547,0.0001547,0.0001547,0.0001547,0.0001668074,0.0001956292,0.0002125476,0.0002392138,0.0002223362,0.0002719626,0.0003213,0.0002023,0.0002578934,0.000251124,0.000249152
"Guinea",0.0004662318,0.0004867644,0.000508198,0.0005305734,0.000553945,0.0005783298,0.000603806,0.000630394,0.0006581448,0.0006871366,0.0007173898,0.0007489588,0.0007819558,0.0008163842,0.0008523324,0.0008898616,0.0009290432,0.0009699588,0.0010126764,0.0010572538,0.00110381,0.001152413,0.001203158,0.0012561436,0.0013114582,0.0013692004,0.001429496,0.001492447,0.0015581588,0.0016267674,0.001698402,0.0017731986,0.001851283,0.0019327878,0.0020179068,0.0021067658,0.0021995348,0.0022963634,0.0023974998,0.0025030664,0.0022603438,0.0023679368,0.0024806502,0.0025987254,0.0027224276,0.0028520152,0.0029660954,0.0029877704,0.0032774742,0.0055125696,0.0058282256,0.0060130088,0.0061771608,0.0063583434,0.0064157626,0.0063460388,0.006421342
"Guyana",0.000959939,0.0008967024,0.0007286302,0.0013423302,0.00107763,0.0012416222,0.001056448,0.0010394446,0.0010233388,0.0010022928,0.0009190234,0.0007270458,0.0008391098,0.001046962,0.001211896,0.000877268,0.001229984,0.00104006,0.00081566,0.0008577316,0.000795736,0.000876554,0.000684777,0.0008805796,0.0007034328,0.0007590704,0.0006770148,0.0006673486,0.0006306388,0.0004643822,0.0006799728,0.0007367868,0.0009166638,0.000916861,0.0012019306,0.0012243944,0.0012908032,0.0011704466,0.0013295768,0.0010493046,0.001126114,0.0009740388,0.0011684848,0.0010463908,0.0009649948,0.0009233924,0.0009577596,0.0010834712,0.0011286912,0.0011883816,0.0012697776,0.0012969096,0.0014904512,0.001676659,0.001727404,0.0013587964,0.0015578766
"Haiti",0.000121856,0.000125664,0.000125664,0.000129472,0.00013328,0.000140896,0.000144704,0.000144704,0.000144704,0.000144704,0.000144704,0.000159936,0.000148512,0.00017136,0.000163744,0.00015232,0.000152456,0.0001965472,0.0002056422,0.0001904,0.0001904,0.0001904,0.0001904,0.00020944,0.00020944,0.00020944,0.0001904,0.000205632,0.000213248,0.000234192,0.00022848,0.0002213604,0.00020944,0.000201824,0.0001904,0.0001835456,0.00026656,0.0001948608,0.00022848,0.000198016,0.0001949696,0.000203728,0.0002067744,0.0001949696,0.0001972544,0.000201824,0.0002201024,0.000201824,0.00021896,0.0002311524,0.0002292144,0.0002285752,0.000223941,0.0002131052,0.000212483,0.0002321282,0.0002691236
"Holy See",0,0,0,0,0,0,0,0,0,0,0,0,0,0,0,0,0,0,0,0,0,0,0,0,0,0,0,0,0,0,0,0,0,0,0,0,0,0,0,0,0,0,0,0,0,0,0,0,0,0,0,0,0,0,0,0,0
"Honduras",8.6462e-06,9.1732e-06,8.0818e-06,7.7316e-06,8.4422e-06,8.8332e-06,9.2446e-06,9.7002e-06,1.01796e-05,1.06828e-05,1.12098e-05,1.1764e-05,1.28996e-05,1.35354e-05,1.96996e-05,1.71326e-05,2.31778e-05,1.47798e-05,1.82002e-05,1.8734e-05,2.01926e-05,1.43242e-05,2.0723e-05,1.69932e-05,1.67212e-05,1.30594e-05,1.97676e-05,1.28792e-05,1.60888e-05,1.6728e-05,1.9907e-05,1.2988e-05,1.09276e-05,1.39944e-05,1.26038e-05,1.42732e-05,1.54326e-05,1.03768e-05,5.423e-06,3.0158e-06,3.0396e-06,3.5462e-06,7.1944e-06,5.1986e-06,5.3618e-06,5.0218e-06,8.7992e-06,9.0848e-06,8.653e-06,7.0108e-06,8.1124e-06,8.568e-06,7.684e-06,7.531e-06,7.5038e-06,7.5548e-06,7.6534e-06
"Hungary",0.000209831,0.0001829642,0.000181509,0.0001703876,0.00016524,0.0001794418,0.0001911242,0.000202606,0.0002102492,0.000222768,0.0002517088,0.0002624766,0.0002610656,0.0002697016,0.0002572984,0.0002708168,0.0002656828,0.0002278884,0.0001898764,0.000148512,0.0001246916,0.0001213902,0.0001191428,0.0001272144,0.0001069776,0.0001109352,0.0001257796,0.000124542,0.000114155,0.000111775,8.20624e-05,4.66378e-05,4.61346e-05,4.57912e-05,4.00588e-05,2.96446e-05,2.08862e-05,2.69314e-05,2.14948e-05,3.06748e-05,2.22666e-05,2.00192e-05,2.43712e-05,2.67886e-05,2.53708e-05,2.29636e-05,2.49152e-05,2.4123e-05,2.58196e-05,1.904e-05,2.6656e-05,2.81792e-05,2.51328e-05,2.2848e-05,2.66832e-05,2.76828e-05,2.62956e-05
"Iceland",0,0,0,0,0,0,0,0,0,0,0,0,0,0,0,0,0,0,0,0,0,0,0,0,0,0,0,0,0,0,0,0,0,0,0,0,0,0,0,0,0,0,0,0,0,0,0,0,0,0,0,0,0,0,0,0,0
"India",0.1245181524,0.12811081,0.1285199626,0.1308635758,0.1273032488,0.1265172776,0.1307753152,0.1326735454,0.1352361186,0.1349180996,0.1355142828,0.13167401,0.1374064236,0.135982983,0.1416788194,0.1382178914,0.1445758914,0.1452922646,0.1414595126,0.1441053552,0.1461040758,0.1373238478,0.1480263644,0.1477205786,0.1476430552,0.1477489482,0.139277379,0.1497914846,0.151338675,0.1532039422,0.1530679048,0.149932146,0.1526741712,0.1536611572,0.153610912,0.155764336,0.1560148514,0.1607972472,0.1620810464,0.1604731558,0.161147896,0.1477826694,0.1528661862,0.1504048242,0.156696769,0.1572358424,0.1575947464,0.1634355486,0.1504464538,0.1538348666,0.1579536504,0.1534458148,0.1584056906,0.1583125544,0.1557284456,0.1550106376,0.1571604712
"Indonesia",0.0492919012,0.0523542234,0.0483861446,0.0501760916,0.052670522,0.0552871518,0.0540291552,0.0576577236,0.0576063224,0.0584794458,0.0598398062,0.0567725948,0.0604097142,0.0611645142,0.061067468,0.0601592668,0.0600932048,0.0641878044,0.0632848766,0.0647333786,0.067441839,0.0646139774,0.065864885,0.0701860028,0.071183148,0.0718025124,0.0713290828,0.0728786532,0.075704128,0.0754967382,0.073909234,0.0798167714,0.07916594,0.0771604806,0.0822281194,0.0831695998,0.080084739,0.0843231518,0.0859981142,0.0847745936,0.082668348,0.0828205014,0.0825055764,0.085708917,0.0851056992,0.0847273642,0.0873239204,0.088485,0.0926142558,0.0952731136,0.0949150732,0.0966538468,0.0994554298,0.099182658,0.101478185,0.1089496952,0.1134928602
"Iran (Islamic Republic of)",0.002092496,0.00224196,0.00224196,0.0024063704,0.002690352,0.0032060028,0.0025633076,0.0026754056,0.0027202448,0.0028248696,0.0025707808,0.0028173964,0.0032433688,0.0032583152,0.0034451452,0.0030890462,0.003017602,0.0028861512,0.0028502336,0.0034539648,0.0034310046,0.0036106164,0.0032093722,0.0032997986,0.003576613,0.0035200948,0.003938084,0.0034917252,0.0038785466,0.0039179458,0.0043518028,0.0044543264,0.0043977232,0.0042102574,0.0042266556,0.0044863714,0.0042089892,0.0045957494,0.0043878972,0.003993164,0.0038471374,0.0045679204,0.0045981328,0.0045695014,0.004693955,0.004712315,0.004602818,0.0039377848,0.0040042378,0.004211274,0.0039607824,0.004259724,0.0042223342,0.0040287348,0.0039605478,0.004454289,0.0042714166
"Iraq",0.000238,0.0003808,0.0005236,0.0006188,0.0006188,0.0006188,0.00098056,0.00103768,0.00100912,0.000714,0.001038394,0.00089488,0.0006088992,0.0002990708,0.0002844576,0.000498916,0.0006043772,0.0005209072,0.000558824,0.000527884,0.00051884,0.00054859,0.000465528,0.000372708,0.000500038,0.000477904,0.0006664,0.000480522,0.00069258,0.000753984,0.000818006,0.0009044,0.0010472,0.00155176,0.001666,0.0011424,0.00115192,0.00121856,0.0012376,0.000952,0.000952,0.000952,0.00028084,0.00083776,0.00101864,0.00119714,0.00118286,0.00080682,0.000522886,0.0004567118,0.0006258924,0.0007565646,0.0009120908,0.0007515938,0.0002321928,0.0003591998,0.0005167728
"Ireland",0,0,0,0,0,0,0,0,0,0,0,0,0,0,0,0,0,0,0,0,0,0,0,0,0,0,0,0,0,0,0,0,0,0,0,0,0,0,0,0,0,0,0,0,0,0,0,0,0,0,0,0,0,0,0,0,0
"Israel",0,0,0,0,0,0,0,0,0,0,0,0,0,0,0,0,0,0,0,0,0,0,0,0,0,0,0,0,0,0,0,0,0,0,0,0,0,0,0,0,0,0,0,0,0,0,0,0,0,0,0,0,0,0,0,0,0
"Italy",0.002112216,0.0020301366,0.0019720272,0.00204969,0.0021666058,0.002270418,0.0024624432,0.0026649914,0.00289578,0.0029636032,0.0030000852,0.0031418346,0.0032540584,0.0032147136,0.0029833776,0.0031256064,0.0031832534,0.0032755124,0.0031439256,0.0030174626,0.0028954196,0.0030254118,0.0031276294,0.003091093,0.003178898,0.003283737,0.003249346,0.0034002618,0.0035311652,0.003669229,0.003512812,0.0037084004,0.003971098,0.0040432562,0.004099941,0.00419832,0.0039898592,0.0038162722,0.0037835438,0.0037758836,0.003729171,0.0037472318,0.0037472148,0.0039365166,0.0038387224,0.0038740552,0.00398412,0.0038418912,0.004086936,0.0042445872,0.004224024,0.0040278508,0.0037017024,0.003761352,0.0038955432,0.004012102,0.004012102
"Jamaica",1.2325e-05,1.26344e-05,9.707e-06,6.936e-06,6.1642e-06,3.5292e-06,1.8292e-06,1.5232e-06,1.7884e-06,1.5436e-06,1.2172e-06,3.808e-07,5.338e-07,6.086e-07,5.3312e-06,3.808e-06,2.2848e-06,4.5696e-06,2.2848e-06,3.4714e-06,2.8458e-06,2.1896e-06,3.3048e-06,5.9602e-06,5.3414e-06,2.958e-06,4.1582e-06,1.5164e-06,5.848e-07,3.536e-07,7.922e-07,8.024e-07,3.264e-07,3.298e-07,2.482e-07,8.16e-08,6.8e-08,6.12e-08,1.088e-07,5.1e-08,9.18e-08,4.08e-08,5.1e-08,2.72e-08,3.4e-09,3.4e-09,8.5e-08,1.156e-07,1.394e-07,2.108e-07,1.666e-07,2.346e-07,3.74e-08,2.38e-08,1.36e-08,1.02e-08,3.4e-09
"Japan",0.0234112032,0.023291037,0.0231567336,0.0230719104,0.0230330314,0.0230294988,0.0230931162,0.0232132824,0.0231779394,0.0206897922,0.0190710828,0.0186823098,0.0185338692,0.0192548664,0.0195376104,0.0196436394,0.0194881302,0.0180107928,0.0176502942,0.0168020622,0.0161022708,0.0159538302,0.0160669278,0.016363809,0.0165546612,0.0162789858,0.0151692156,0.014914746,0.0148228542,0.0146602764,0.0144835614,0.0148864716,0.0151197354,0.0156357432,0.0149712948,0.0139746222,0.0138049758,0.0127305486,0.0126386568,0.012511422,0.0120590316,0.0119317968,0.011769219,0.0120236886,0.0120590316,0.0119317968,0.0118257678,0.0115006122,0.0114794064,0.0115076808,0.0111401136,0.0111754566,0.0113026914,0.011133045,0.0106453116,0.0104544594,0.0103625676
"Jordan",0,0,0,0,0,0,0,0,0,0,0,0,0,0,0,0,0,0,0,0,0,0,0,0,0,0,0,0,0,0,0,0,0,0,0,0,0,0,0,0,0,0,0,0,0,0,0,0,0,0,0,0,0,0,0,0,0
"Kazakhstan",0.00019687078372293,0.000198539180195158,0.000245254281417548,0.00031866372619559,0.000362042034473524,0.000413762325112599,0.00046881940869613,0.000520539699335205,0.000547234042890856,0.000583938765279877,0.000650674624169006,0.000702394914808081,0.000770799170169438,0.000825856253752969,0.00083419823611411,0.000874239751447588,0.000910944473836608,0.000967669953892368,0.00101772184805921,0.00111115205050399,0.00105776336339269,0.00108112091400389,0.00108629294306779,0.00114752309359857,0.00111982771215958,0.00103557369031206,0.00109613648225394,0.00111949403286514,0.00109496860472338,0.00102439543394813,0.0010000368454536,0.0008743644,0.0008168194,0.0007570338,0.0006284968,0.0006464318,0.0006202756,0.0005485322,0.0005305972,0.0005388184,0.0005171468,0.0004912354,0.0006247602,0.0006030886,0.000634474,0.000654653,0.000653157,0.0005642266,0.0006494204,0.0007024808,0.0006975134,0.000695232,0.0006683244,0.0007120246,0.0007380006,0.0007048642,0.000780946
"Kenya",1.5232e-05,1.3804e-05,1.26752e-05,1.27534e-05,5.9058e-06,6.7354e-06,6.7354e-06,8.1872e-06,1.17164e-05,1.39094e-05,1.50654e-05,1.63744e-05,1.76324e-05,1.56162e-05,1.50076e-05,1.666e-05,1.5946e-05,1.785e-05,2.0706e-05,2.3205e-05,2.2474e-05,2.48914e-05,2.69144e-05,2.9665e-05,3.45066e-05,3.451e-05,3.451e-05,3.332e-05,3.38436e-05,3.15622e-05,3.094e-05,2.975e-05,2.69654e-05,2.56802e-05,2.618e-05,3.01206e-05,2.46092e-05,2.05598e-05,3.1484e-05,3.30378e-05,3.1416e-05,3.094e-05,2.56598e-05,3.14704e-05,3.79372e-05,5.49916e-05,3.9168e-05,3.98276e-05,5.1952e-05,4.80318e-05,6.67216e-05,7.05194e-05,7.46096e-05,6.75682e-05,7.00638e-05,6.98224e-05,7.11144e-05
"Kiribati",0,0,0,0,0,0,0,0,0,0,0,0,0,0,0,0,0,0,0,0,0,0,0,0,0,0,0,0,0,0,0,0,0,0,0,0,0,0,0,0,0,0,0,0,0,0,0,0,0,0,0,0,0,0,0,0,0
"Kuwait",0,0,0,0,0,0,0,0,0,0,0,0,0,0,0,0,0,0,0,0,0,0,0,0,0,0,0,0,0,0,0,0,0,0,0,0,0,0,0,0,0,0,0,0,0,0,0,0,0,0,0,0,0,0,0,0,0
"Kyrgyzstan",2.01653486379441e-05,2.03362414230114e-05,2.51212394048964e-05,3.26405219478586e-05,3.7083734359609e-05,4.2381410696696e-05,4.80208726039177e-05,5.33185489410047e-05,5.60528335020818e-05,5.98124747735629e-05,6.66481861762558e-05,7.19458625133428e-05,7.89524667011031e-05,8.45919286083247e-05,8.54463925336613e-05,8.95478193752771e-05,9.33074606467582e-05,9.91178153390471e-05,0.000104244598891067,0.000113814594854837,0.000108346025732683,0.000110738524723625,0.000111268292357334,0.000117540057569305,0.000114703237337187,0.000106073151691287,0.000112276559789231,0.000114669058780174,0.000112156934839684,0.000104928170031336,0.000102433135369353,1.41984e-05,1.8683e-05,2.24196e-05,3.36294e-05,4.03546e-05,4.55872e-05,4.11026e-05,4.55872e-05,4.65494e-05,4.14392e-05,4.97046e-05,4.55872e-05,4.56178e-05,4.32106e-05,4.7192e-05,4.57062e-05,4.63352e-05,4.68418e-05,4.73348e-05,4.69982e-05,5.35092e-05,5.90682e-05,6.0248e-05,6.43518e-05,7.40146e-05,7.99918e-05
"Lao People s Democratic Republic",0.0020711236,0.0019709086,0.0020043136,0.003059915,0.003059915,0.0031066854,0.0032069004,0.0021913816,0.0022206862,0.002220421,0.0022206794,0.002220744,0.002220778,0.0022912634,0.0022715536,0.0017523158,0.0018743656,0.001932492,0.0023026194,0.0024454296,0.0024888952,0.0024613348,0.00231948,0.002188359,0.002216392,0.0021433838,0.0018106224,0.0017531998,0.0019914854,0.0021723416,0.0018602624,0.0018898968,0.0018429904,0.0020409248,0.001870357,0.0018497836,0.0020086384,0.002062899,0.0023970816,0.002403069,0.0024946174,0.0024656528,0.0025264924,0.0025732696,0.0024586896,0.0024816906,0.002431442,0.002626534,0.0027344194,0.002856527,0.0027300402,0.0031192688,0.00297704,0.003199672,0.0032241112,0.00325142,0.0031939838
"Latvia",0,0,0,0,0,0,0,0,0,0,0,0,0,0,0,0,0,0,0,0,0,0,0,0,0,0,0,0,0,0,0,0,0,0,0,0,0,0,0,0,0,0,0,0,0,0,0,0,0,0,0,0,0,0,0,0,0
"Lebanon",0,0,0,0,0,0,0,0,0,0,0,0,0,0,0,0,0,0,0,0,0,0,0,0,0,0,0,0,0,0,0,0,0,0,0,0,0,0,0,0,0,0,0,0,0,0,0,0,0,0,0,0,0,0,0,0,0
"Lesotho",0,0,0,0,0,0,0,0,0,0,0,0,0,0,0,0,0,0,0,0,0,0,0,0,0,0,0,0,0,0,0,0,0,0,0,0,0,0,0,0,0,0,0,0,0,0,0,0,0,0,0,0,0,0,0,0,0
"Liberia",7.9968e-05,8.39664e-05,9.55604e-05,0.0001019592,0.0001027582,5.31794e-05,5.35772e-05,5.59776e-05,5.87758e-05,6.1574e-05,6.47734e-05,6.79728e-05,7.27702e-05,8.03692e-05,7.63708e-05,7.9968e-05,8.23684e-05,7.75676e-05,8.03692e-05,7.87678e-05,8.39664e-05,8.39664e-05,9.42446e-05,9.26024e-05,9.22556e-05,9.32042e-05,9.42956e-05,9.32416e-05,0.0001008406,6.9972e-05,4.39824e-05,4.79808e-05,2.39904e-05,1.79928e-05,1.9992e-05,3.02294e-05,5.406e-05,6.47326e-05,6.1455e-05,5.73784e-05,5.19792e-05,4.79808e-05,4.79808e-05,4.79808e-05,4.79808e-05,5.19792e-05,6.39744e-05,7.59696e-05,9.8991e-05,0.000100453,9.91882e-05,9.23916e-05,8.63566e-05,7.55106e-05,9.0559e-05,9.78078e-05,9.42922e-05
"Libya",0,0,0,0,0,0,0,0,0,0,0,0,0,0,0,0,0,0,0,0,0,0,0,0,0,0,0,0,0,0,0,0,0,0,0,0,0,0,0,0,0,0,0,0,0,0,0,0,0,0,0,0,0,0,0,0,0
"Liechtenstein",0,0,0,0,0,0,0,0,0,0,0,0,0,0,0,0,0,0,0,0,0,0,0,0,0,0,0,0,0,0,0,0,0,0,0,0,0,0,0,0,0,0,0,0,0,0,0,0,0,0,0,0,0,0,0,0,0
"Lithuania",0,0,0,0,0,0,0,0,0,0,0,0,0,0,0,0,0,0,0,0,0,0,0,0,0,0,0,0,0,0,0,0,0,0,0,0,0,0,0,0,0,0,0,0,0,0,0,0,0,0,0,0,0,0,0,0,0
"Luxembourg",0,0,0,0,0,0,0,0,0,0,0,0,0,0,0,0,0,0,0,0,0,0,0,0,0,0,0,0,0,0,0,0,0,0,0,0,0,0,0,0,0,0,0,0,0,0,0,0,0,0,0,0,0,0,0,0,0
"Madagascar",0.0048373772,0.0051562598,0.005114144,0.0051427822,0.0051080682,0.0057937836,0.0059023252,0.0060677828,0.0058984118,0.005998892,0.0059994938,0.0061240358,0.0063367262,0.006398817,0.0064872,0.0064012242,0.0070711466,0.0068168538,0.006997353,0.00721395,0.007131704,0.0071483708,0.0071537836,0.0070400706,0.0071208138,0.007145151,0.0066062714,0.0066844884,0.0068950708,0.0070093856,0.0068589696,0.007063534,0.0073824166,0.0068529516,0.006919136,0.0068589696,0.007080381,0.0072380186,0.0072650928,0.0072759218,0.007296077,0.0073163546,0.00733669,0.007448601,0.0075208,0.0075849376,0.0076533456,0.0077227192,0.0077926674,0.0078640062,0.0069465842,0.0073374312,0.0055432988,0.0058753394,0.00529686,0.0052384446,0.0043921472
"Malawi",3.1178e-05,1.428e-05,1.05944e-05,1.15566e-05,1.428e-05,3.8794e-05,3.7604e-05,2.618e-05,3.808e-05,4.6648e-05,7.616e-05,9.996e-05,9.52e-05,9.996e-05,9.52e-05,0.0001071,0.0001071,0.00011186,0.0001071,9.996e-05,5.43592e-05,5.355e-05,4.83344e-05,5.21628e-05,4.9521e-05,5.44408e-05,4.54002e-05,5.39274e-05,6.08634e-05,6.91186e-05,7.81626e-05,4.34146e-05,9.24018e-05,6.44198e-05,7.92744e-05,9.81104e-05,9.60772e-05,9.96132e-05,0.000108953,0.0001035844,0.0001193468,0.000133348,0.000129455,0.0001013132,0.000116603,0.0001238348,0.0001382576,0.0001502358,0.0001522418,0.0001406546,0.0001465094,0.0001431128,0.0001553562,0.000160412,0.0001565122,0.0001277482,0.0001544178
"Malaysia",0.0031418992,0.0033106106,0.0033636778,0.003380943,0.0035398284,0.0034856358,0.0036353038,0.0040171646,0.0041623208,0.0042872266,0.0044682936,0.0046607948,0.0045723642,0.0045015558,0.0045644524,0.0044589742,0.0043981414,0.0035464958,0.0044893906,0.0043604252,0.0043251434,0.004148731,0.0040514026,0.0037959062,0.0039843274,0.0039593918,0.0040085388,0.004086409,0.004040067,0.004140503,0.00415871,0.0040924814,0.0042182882,0.0042498572,0.0040926888,0.004169828,0.0042033282,0.004102525,0.0042119302,0.0042503196,0.0040976324,0.0041274402,0.0040866844,0.0041408226,0.0041134492,0.0039236544,0.0040954564,0.0039942316,0.0041057108,0.0041236934,0.0041822856,0.0041642146,0.0040859466,0.0037385992,0.0041460484,0.0041899152,0.0041929446
"Maldives",0,0,0,0,0,0,0,0,0,0,0,0,0,0,0,0,0,0,0,0,0,0,0,0,0,0,0,0,0,0,0,0,0,0,0,0,0,0,0,0,0,0,0,0,0,0,0,0,0,0,0,0,0,0,0,0,0
"Mali",0.00043316,0.000476,0.00029274,0.00037723,0.00040222,0.00042245,0.000470288,0.000386274,0.000317254,0.00040936,0.000403172,0.000397936,0.000440538,0.000471002,0.0005236,0.00042364,0.00042364,0.0002657848,0.0005772316,0.0003219562,0.000275111,0.0004322658,0.000447202,0.0003931182,0.0004399022,0.0004536212,0.000388127,0.0005504022,0.0005495862,0.0004679828,0.0006259842,0.0005550024,0.000586585,0.0006759268,0.0007317752,0.0007801776,0.0007806196,0.0007769102,0.000773755,0.0008395178,0.0011144078,0.0008487352,0.0009654266,0.000749496,0.0009853744,0.0009722164,0.0009326472,0.0011484724,0.0012537466,0.001465927,0.0013719748,0.001432998,0.001568471,0.0016283586,0.0018138932,0.00198645,0.0018275408
"Malta",0,0,0,0,0,0,0,0,0,0,0,0,0,0,0,0,0,0,0,0,0,0,0,0,0,0,0,0,0,0,0,0,0,0,0,0,0,0,0,0,0,0,0,0,0,0,0,0,0,0,0,0,0,0,0,0,0
"Marshall Islands",0,0,0,0,0,0,0,0,0,0,0,0,0,0,0,0,0,0,0,0,0,0,0,0,0,0,0,0,0,0,0,0,0,0,0,0,0,0,0,0,0,0,0,0,0,0,0,0,0,0,0,0,0,0,0,0,0
"Martinique",0,0,0,0,0,0,0,0,0,0,0,0,0,0,0,0,0,0,0,0,0,0,0,0,0,0,0,0,0,0,0,0,0,0,0,0,0,0,0,0,0,0,0,0,0,0,0,0,0,0,0,0,0,0,0,0,0
"Mauritania",2.856e-06,2.856e-06,3.332e-06,3.332e-06,3.332e-06,3.332e-06,2.856e-06,7.0244e-06,5.8276e-06,1.04516e-05,1.428e-05,1.904e-05,7.7588e-06,9.52e-06,9.8634e-06,1.13016e-05,1.5232e-05,1.6184e-05,2.54184e-05,3.21504e-05,3.32146e-05,3.808e-05,3.9032e-05,4.33432e-05,4.76e-05,6.2832e-05,0.0001074808,0.0001164296,0.000129948,0.0001480462,0.000141066,0.0001211046,0.0001880948,0.0001577464,0.000127738,0.000165886,0.0002072028,0.000238952,0.0002074408,0.0001711968,0.0001236852,0.000161602,0.000200872,0.000173264,0.00017612,0.000149702,0.000165648,0.00016422,0.0001278332,0.0002446844,0.0002952152,0.00035224,0.000389368,0.0005436294,0.0004124404,0.0003966202,0.00045203
"Mauritius",0,0,0,0,0,0,0,1.87e-07,1.2104e-06,1.581e-06,1.1322e-06,1.581e-06,1.2036e-06,1.0302e-06,1.4688e-06,6.188e-07,2.754e-07,2.176e-07,4.08e-08,2.21e-07,1.428e-07,1.7e-08,1.428e-07,2.958e-07,1.802e-07,1.938e-07,8.5e-08,3.06e-08,3.06e-08,1.7e-08,1.36e-08,6.8e-09,0,0,0,0,0,0,0,0,0,0,0,0,0,0,0,1.564e-07,3.298e-07,3.298e-07,7.208e-07,1.8598e-06,1.8292e-06,2.4786e-06,2.0468e-06,9.69e-07,3.366e-07
"Mayotte",0,0,0,0,0,0,0,0,0,0,0,0,0,0,0,0,0,0,0,0,0,0,0,0,0,0,0,0,0,0,0,0,0,0,0,0,0,0,0,0,0,0,0,0,0,0,0,0,0,0,0,0,0,0,0,0,0
"Mexico",0.0005711966,0.0005226548,0.0005259834,0.0005175412,0.0005388966,0.0005957922,0.0006571554,0.0005414194,0.0005971114,0.0005853746,0.0005994234,0.0006094636,0.0005870406,0.000675053,0.0010017998,0.0006222102,0.0007043882,0.0004735112,0.000590274,0.0004975696,0.0006822474,0.0006120578,0.0005203972,0.0004913986,0.0008449102,0.000614482,0.0006042684,0.0004944178,0.0005911716,0.0004114034,0.0003309526,0.0003529268,0.0002300508,0.000342686,0.0003061632,0.0003387114,0.0004429826,0.0003964094,0.000322337,0.0003281374,0.000207774,0.000196945,0.000234192,0.000243559,0.0002243524,0.00027506,0.0002769266,0.0001962752,0.0002116704,0.0001629518,0.0001328516,0.0001241034,0.0001293394,0.0001586338,0.0001586168,0.0001616394,0.0001622174
"Micronesia (Federated States of)",0,0,0,0,0,0,0,0,0,0,0,0,0,0,0,0,0,0,0,0,0,0,0,0,0,0,0,0,0,0,0,0,0,0,6.392e-07,6.392e-07,6.46e-07,6.562e-07,6.664e-07,6.732e-07,6.834e-07,6.936e-07,7.004e-07,7.038e-07,7.038e-07,7.004e-07,7.174e-07,7.106e-07,7.208e-07,7.31e-07,7.412e-07,7.174e-07,7.582e-07,7.344e-07,7.31e-07,7.208e-07,7.174e-07
"Monaco",0,0,0,0,0,0,0,0,0,0,0,0,0,0,0,0,0,0,0,0,0,0,0,0,0,0,0,0,0,0,0,0,0,0,0,0,0,0,0,0,0,0,0,0,0,0,0,0,0,0,0,0,0,0,0,0,0
"Mongolia",0,0,0,0,0,0,0,0,0,0,0,0,0,0,0,0,0,0,0,0,0,0,0,0,0,0,0,0,0,0,0,0,0,0,0,0,0,0,0,0,0,0,0,0,0,0,0,0,0,0,0,0,0,0,0,0,0
"Montenegro",0,0,0,0,0,0,0,0,0,0,0,0,0,0,0,0,0,0,0,0,0,0,0,0,0,0,0,0,0,0,0,0,0,0,0,0,0,0,0,0,0,0,0,0,0,0,0,0,0,0,0,0,0,0,0,0,0
"Montserrat",0,0,0,0,0,0,0,0,0,0,0,0,0,0,0,0,0,0,0,0,0,0,0,0,0,0,0,0,0,0,0,0,0,0,0,0,0,0,0,0,0,0,0,0,0,0,0,0,0,0,0,0,0,0,0,0,0
"Morocco",4.76e-05,4.76e-05,3.808e-05,4.76e-05,4.76e-05,5.236e-05,5.1408e-05,7.4256e-05,8.3776e-05,7.616e-05,9.52e-06,2.9512e-05,2.5704e-05,3.6176e-05,5.9024e-05,5.0456e-05,5.9024e-05,8.568e-05,5.6168e-05,5.6168e-05,4.9504e-05,9.52e-06,1.6184e-05,1.7136e-05,5.712e-06,4.284e-05,8.4728e-05,7.14e-05,6.664e-06,7.616e-06,6.0928e-05,6.8544e-05,0.000101864,0.000101864,6.664e-06,8.7584e-05,8.1872e-05,3.5224e-05,7.3304e-05,5.3312e-05,7.14e-05,6.0928e-05,3.2368e-05,4.1888e-05,5.9976e-05,4.76e-05,4.284e-05,6.0928e-05,7.4256e-05,7.0448e-05,2.41808e-05,8.7108e-05,4.76e-05,4.19526e-05,7.91078e-05,7.16584e-05,7.62824e-05
"Mozambique",0.0001428,0.0001428,0.0001547,0.0001547,0.00014756,0.0001785,0.0001785,0.0001775208,0.0001753108,0.000183005,0.00018564,0.00018088,0.0001785,0.0001785,0.0001785,0.0001785,0.0001904,0.0002023,0.0002142,0.0002142,0.0002261,0.0002261,0.000238,0.000238,0.000238,0.000238,0.0002499,0.0002499,0.0002618,0.0002621808,0.000253487,0.0002598042,0.0002508554,0.0002886634,0.0003084616,0.00034272,0.0003933528,0.00043078,0.000442884,0.0004383858,0.0004146742,0.000796586,0.0002856,0.0002261,0.000756364,0.000851326,0.000861798,0.000739942,0.00043316,0.000539291,0.000568293,0.000864892,0.000960806,0.00089607,0.0005590246,0.0004338502,0.0003397416
"Myanmar",0.0226335892,0.0247635532,0.025952778,0.0264774218,0.0257974082,0.0240319276,0.0250402418,0.0253456638,0.0248572028,0.0255867,0.0253477922,0.0240936512,0.02596342,0.0259878966,0.0267620902,0.026133692,0.0258809462,0.0266604608,0.0236349878,0.0255451962,0.0255867,0.024275626,0.0247912224,0.0244831416,0.024799736,0.0248258106,0.0238526116,0.0240893944,0.0251807128,0.0253275724,0.0243430684,0.0269033466,0.029194457,0.0305574966,0.0320992606,0.0306931566,0.028776716,0.0290437248,0.0330470922,0.0335333602,0.034117708,0.0339295656,0.0347327476,0.0362228316,0.0392891318,0.0429626652,0.0426267486,0.042979893,0.042876533,0.0426267486,0.040262426,0.0371875102,0.0369958692,0.0365522882,0.0360199264,0.0357777818,0.03589159
"Namibia",0,0,0,0,0,0,0,0,0,0,0,0,0,0,0,0,0,0,0,0,0,0,0,0,0,0,0,0,0,0,0,0,0,0,0,0,0,0,0,0,0,0,0,0,0,0,0,0,0,0,0,0,0,0,0,0,0
"Nauru",0,0,0,0,0,0,0,0,0,0,0,0,0,0,0,0,0,0,0,0,0,0,0,0,0,0,0,0,0,0,0,0,0,0,0,0,0,0,0,0,0,0,0,0,0,0,0,0,0,0,0,0,0,0,0,0,0
"Nepal",0.0038738036,0.0038809232,0.0038809232,0.0039200878,0.0039556926,0.003916528,0.0041098248,0.0041373308,0.0041770496,0.0042101622,0.0042752824,0.0040594912,0.0043688062,0.0044144716,0.0044712346,0.0044919678,0.0045006616,0.0044956398,0.004465696,0.004541465,0.0046162684,0.004503436,0.0047503916,0.0049022832,0.0049527698,0.004747403,0.0050675946,0.0051643688,0.0051016354,0.0051811036,0.0050267198,0.0044937188,0.0051642974,0.0048722306,0.0053292892,0.005380704,0.0053632926,0.0053913154,0.0055222698,0.0055545052,0.0054011754,0.0054997312,0.0054997312,0.0055523394,0.0054892966,0.0055167754,0.0051254014,0.0055161158,0.005539892,0.0052741004,0.005328174,0.0054528486,0.0050579114,0.005294259,0.0050749148,0.0048526058,0.0055275364
"Netherlands Antilles",0,0,0,0,0,0,0,0,0,0,0,0,0,0,0,0,0,0,0,0,0,0,0,0,0,0,0,0,0,0,0,0,0,0,0,0,0,0,0,0,0,0,0,0,0,0,0,0,0,0,0,0,0,0,0,0,0
"Netherlands",0,0,0,0,0,0,0,0,0,0,0,0,0,0,0,0,0,0,0,0,0,0,0,0,0,0,0,0,0,0,0,0,0,0,0,0,0,0,0,0,0,0,0,0,0,0,0,0,0,0,0,0,0,0,0,0,0
"New Caledonia",0,0,0,0,0,0,0,0,0,0,0,0,0,0,0,0,0,0,0,0,0,0,0,0,0,0,0,0,0,0,0,0,0,0,0,0,0,0,0,0,0,0,0,0,0,0,0,0,0,0,0,0,0,0,0,0,0
"New Zealand",0,0,0,0,0,0,0,0,0,0,0,0,0,0,0,0,0,0,0,0,0,0,0,0,0,0,0,0,0,0,0,0,0,0,0,0,0,0,0,0,0,0,0,0,0,0,0,0,0,0,0,0,0,0,0,0,0
"Nicaragua",2.25624e-05,2.15152e-05,2.0468e-05,2.142e-05,2.37048e-05,2.50376e-05,2.4276e-05,3.01784e-05,2.3919e-05,2.40414e-05,2.48982e-05,2.4905e-05,2.38374e-05,2.81248e-05,2.81214e-05,2.00906e-05,2.3324e-05,2.6724e-05,3.4221e-05,3.10488e-05,3.95726e-05,4.05654e-05,4.18404e-05,3.90524e-05,3.88518e-05,3.48534e-05,3.70532e-05,3.6584e-05,3.76516e-05,4.37172e-05,3.8386e-05,5.01126e-05,5.40328e-05,5.53316e-05,5.96734e-05,6.41206e-05,7.10328e-05,7.956e-05,5.35262e-05,8.83626e-05,8.00462e-05,8.77064e-05,8.85088e-05,7.0108e-05,9.10758e-05,8.35958e-05,6.50726e-05,6.77518e-05,7.02134e-05,8.40752e-05,9.55604e-05,0.00010557,7.12742e-05,6.3002e-05,5.19044e-05,6.37262e-05,6.46408e-05
"Niger",3.05048e-05,3.03722e-05,3.12324e-05,3.11882e-05,2.89884e-05,3.06544e-05,3.83418e-05,5.0949e-05,5.1595e-05,5.46448e-05,5.70112e-05,5.72594e-05,5.9228e-05,4.93476e-05,5.73104e-05,7.23044e-05,7.6636e-05,8.46328e-05,6.50522e-05,6.69732e-05,6.89724e-05,6.73064e-05,7.39704e-05,6.43076e-05,6.86392e-05,9.19632e-05,8.26336e-05,5.86432e-05,7.5089e-05,7.65986e-05,6.99006e-05,4.8314e-05,9.996e-05,9.3296e-05,6.9972e-05,0.000104958,0.0001232058,6.664e-05,5.02384e-05,7.3304e-05,9.23508e-05,7.94784e-05,6.23424e-05,7.7911e-05,4.89226e-05,5.4893e-05,5.58348e-05,5.33562e-05,6.0571e-05,0.0001114418,7.42118e-05,5.59708e-05,7.18794e-05,8.55576e-05,6.96932e-05,7.83292e-05,7.93118e-05
"Nigeria",0.000554625,0.0008114644,0.0006030172,0.0006662946,0.0006997948,0.0005955712,0.0009752492,0.0008747452,0.0009603572,0.0009491916,0.0011315846,0.0008821912,0.001388424,0.0010013034,0.0009715262,0.0006402404,0.0009156914,0.0010869188,0.001488928,0.002047276,0.002233392,0.002233392,0.0023450616,0.002419508,0.0024939544,0.002605624,0.0027731284,0.0038749358,0.006149274,0.0044965612,0.006149274,0.0061939398,0.0058217078,0.0063800558,0.0066852874,0.0066413628,0.00762331,0.0076084214,0.0081556038,0.008185381,0.0078801528,0.0081332692,0.0082263272,0.008740006,0.0092834654,0.010143322,0.009123407,0.0088665676,0.0068374544,0.0090550262,0.00844747,0.010660037,0.0109116098,0.0114719026,0.0116194524,0.0208734432,0.018286458
"Niue",0,0,0,0,0,0,0,0,0,0,0,0,0,0,0,0,0,0,0,0,0,0,0,0,0,0,0,0,0,0,0,0,0,0,0,0,0,0,0,0,0,0,0,0,0,0,0,0,0,0,0,0,0,0,0,0,0
"Northern Mariana Islands",0,0,0,0,0,0,0,0,0,0,0,0,0,0,0,0,0,0,0,0,0,0,0,0,0,0,0,0,0,0,0,0,0,0,0,0,0,0,0,0,0,0,0,0,0,0,0,0,0,0,0,0,0,0,0,0,0
"Norway",0,0,0,0,0,0,0,0,0,0,0,0,0,0,0,0,0,0,0,0,0,0,0,0,0,0,0,0,0,0,0,0,0,0,0,0,0,0,0,0,0,0,0,0,0,0,0,0,0,0,0,0,0,0,0,0,0
"Occupied Palestinian Territory",0,0,0,0,0,0,0,0,0,0,0,0,0,0,0,0,0,0,0,0,0,0,0,0,0,0,0,0,0,0,0,0,0,0,0,0,0,0,0,0,0,0,0,0,0,0,0,0,0,0,0,0,0,0,0,0,0
"Oman",0,0,0,0,0,0,0,0,0,0,0,0,0,0,0,0,0,0,0,0,0,0,0,0,0,0,0,0,0,0,0,0,0,0,0,0,0,0,0,0,0,0,0,0,0,0,0,0,0,0,0,0,0,0,0,0,0
"Pacific Islands Trust Territory",5.44e-08,5.44e-08,6.46e-08,6.46e-08,6.46e-08,1.19e-07,1.768e-07,2.38e-07,3.196e-07,3.978e-07,5.202e-07,6.392e-07,6.392e-07,6.392e-07,6.392e-07,6.392e-07,6.392e-07,6.392e-07,6.46e-07,6.63e-07,6.698e-07,6.698e-07,6.698e-07,6.698e-07,6.392e-07,6.392e-07,6.392e-07,6.392e-07,6.392e-07,6.8e-07,0,0,0,0,0,0,0,0,0,0,0,0,0,0,0,0,0,0,0,0,0,0,0,0,0,0,0
"Pakistan",0.005780901,0.0056441326,0.0061218598,0.0064531898,0.0066323358,0.0067093866,0.0067575476,0.0074009398,0.00772072,0.0071562928,0.0069328448,0.0070426444,0.0071967494,0.0076359444,0.0081382876,0.0083270624,0.009039716,0.009641856,0.00968422,0.009201556,0.00940576,0.009415756,0.00951286,0.00951286,0.008868832,0.009832256,0.00934388,0.009718492,0.010028844,0.010056452,0.009981244,0.009393384,0.010410596,0.010113096,0.010290168,0.010715236,0.011030348,0.011536336,0.011973304,0.011312616,0.010063592,0.010591,0.011712456,0.011993296,0.012477864,0.012286512,0.011973304,0.014101976,0.013723556,0.011258828,0.012238912,0.010989888,0.0132764458,0.0137594736,0.0130399962,0.01296624,0.013806856
"Palau",0,0,0,0,0,0,0,0,0,0,0,0,0,0,0,0,0,0,0,0,0,0,0,0,0,0,0,0,0,0,0,0,0,0,0,0,0,0,0,0,0,0,0,0,0,0,0,0,0,0,0,0,0,0,0,0,0
"Panama",4.77904e-05,4.74096e-05,4.91708e-05,5.75008e-05,6.33556e-05,6.2594e-05,6.1642e-05,6.12136e-05,5.98332e-05,4.43224e-05,4.55056e-05,5.00752e-05,5.01228e-05,5.34072e-05,5.49168e-05,5.82386e-05,5.23498e-05,4.7175e-05,4.48596e-05,4.40164e-05,4.75286e-05,4.52336e-05,4.6563e-05,4.42884e-05,4.29114e-05,4.1004e-05,3.9474e-05,3.98888e-05,4.18438e-05,4.68214e-05,4.47882e-05,4.4336e-05,4.4506e-05,4.64916e-05,4.71002e-05,4.44618e-05,3.31398e-05,4.19968e-05,3.71076e-05,4.5373e-05,5.0779e-05,5.48692e-05,5.86228e-05,5.48556e-05,4.55396e-05,5.2122e-05,4.7362e-05,4.79094e-05,4.77666e-05,5.0099e-05,4.69676e-05,4.10924e-05,4.42918e-05,3.72334e-05,4.39722e-05,3.98242e-05,4.75728e-05
"Papua New Guinea",3.5938e-06,3.995e-06,3.995e-06,3.995e-06,3.995e-06,3.995e-06,3.995e-06,3.995e-06,4.9538e-06,4.6342e-06,6.1506e-06,4.233e-06,2.8764e-06,3.196e-06,4.794e-06,5.5114e-06,3.5156e-06,2.7948e-06,1.9958e-06,1.4382e-06,9.588e-07,1.4382e-06,2.0774e-06,2.1556e-06,2.397e-06,2.635e-06,2.635e-06,2.635e-06,2.5568e-06,2.7166e-06,2.839e-06,2.8016e-06,2.7948e-06,2.9104e-06,2.907e-06,2.9002e-06,2.7948e-06,2.6248e-06,2.7948e-06,2.9546e-06,3.196e-06,3.332e-06,3.3218e-06,3.315e-06,3.2946e-06,3.2708e-06,3.2504e-06,3.2266e-06,3.2164e-06,3.2742e-06,3.2538e-06,3.2538e-06,3.2538e-06,3.2538e-06,3.2538e-06,3.2538e-06,3.2504e-06
"Paraguay",4.046e-05,3.332e-05,3.332e-05,3.808e-05,3.808e-05,2.1896e-05,3.46528e-05,4.44312e-05,4.86744e-05,0.0001094766,0.000108052,0.000102816,0.000102034,0.000109004,0.000117096,0.000133756,0.000159936,0.000151368,0.000143276,0.00011424,0.000111112,0.000149464,0.000161364,0.00017374,0.00018564,0.000148036,0.000194684,0.000158984,0.000154224,0.00016184,5.0932e-05,5.48828e-05,8.6275e-05,8.63192e-05,9.27248e-05,9.89604e-05,0.000104839,9.92936e-05,0.0001321852,0.0001249602,0.0001269968,0.0001286424,0.0001442416,0.00014756,0.00015946,0.00019992,0.00019992,0.0001612212,0.000238,0.0002831044,0.0003741632,0.0003808,0.00046648,0.0005712,0.00060928,0.0006188,0.0006664
"Peru",0.0006484276,0.000726036,0.0005820868,0.0006573356,0.0005991208,0.0007666932,0.000853179,0.0006075562,0.0008784886,0.0011227106,0.0011782496,0.000944061,0.0009420618,0.0009256704,0.0009794482,0.0010648936,0.001074417,0.0009138248,0.0010511406,0.000819927,0.0012864784,0.0014468054,0.0015233734,0.0018825256,0.0015410704,0.0012887088,0.0018349868,0.0017532746,0.0017058208,0.0014774734,0.0012662756,0.0013314604,0.0014196496,0.0019148562,0.0016249178,0.00168215,0.0019089402,0.0021517784,0.002500887,0.002295986,0.0024214324,0.002533442,0.0025098426,0.0022908282,0.0028619194,0.0027484274,0.0027000318,0.00303705,0.0032356168,0.0031080284,0.0028757438,0.0031260994,0.0031639414,0.0030497252,0.0031947284,0.0033551642,0.003378121
"Philippines",0.0361639538,0.035960678,0.0351203918,0.0363969184,0.0353675752,0.0352190156,0.0375836952,0.0379039072,0.0363532386,0.0363437968,0.0379054984,0.0363341272,0.0401288978,0.041320336,0.0417929768,0.0414214622,0.0409700952,0.0405037104,0.0413694762,0.0393483292,0.0391629136,0.0368514712,0.0357257822,0.036648311,0.0387054028,0.0387088164,0.0370365468,0.0385923324,0.039782295,0.0377511384,0.0389596378,0.0363787182,0.0373374196,0.0415369194,0.042755901,0.0449450012,0.0437066294,0.0360598934,0.0454990074,0.0459340646,0.0462452462,0.0460277176,0.0455738788,0.046941454,0.0463018936,0.047320078,0.0486050094,0.0507331748,0.0515559782,0.0495294966,0.0516052544,0.0533504302,0.0539877874,0.0539147656,0.0529655604,0.051825945,0.054735325
"Poland",0,0,0,0,0,0,0,0,0,0,0,0,0,0,0,0,0,0,0,0,0,0,0,0,0,0,0,0,0,0,0,0,0,0,0,0,0,0,0,0,0,0,0,0,0,0,0,0,0,0,0,0,0,0,0,0,0
"Portugal",0.0006497638,0.0006279494,0.0006259604,0.0006477238,0.0006048498,0.0005951156,0.0005529454,0.0005642708,0.0006436098,0.0007149316,0.0007232072,0.0007451916,0.0006714218,0.000565488,0.0005179356,0.0003818574,0.0005878158,0.0005643388,0.0005944322,0.0005944662,0.0004319972,0.0005771908,0.0004538116,0.0005124174,0.0005192548,0.0005629516,0.0005618908,0.0005757866,0.000576283,0.0005796082,0.0005734746,0.000361879,0.0002261952,0.0004121378,0.0003722966,0.0004845714,0.0004890628,0.0004630154,0.0004336598,0.0004088466,0.0004273018,0.0004321026,0.0004396574,0.000456161,0.000392088,0.0004351184,0.0004610094,0.0004512582,0.0004878626,0.000499001,0.0005386858,0.0005341978,0.0005171128,0.000492728,0.0004993784,0.0004994974,0.0004959852
"Puerto Rico",3.213e-06,3.213e-06,3.4272e-06,3.57e-06,3.7842e-06,3.927e-06,4.284e-06,4.641e-06,4.8552e-06,4.998e-06,4.998e-06,4.998e-06,4.998e-06,4.998e-06,4.8552e-06,4.8552e-06,4.8552e-06,4.8552e-06,4.7124e-06,4.7124e-06,4.641e-06,4.641e-06,4.4982e-06,4.284e-06,1.2138e-05,1.2138e-05,4.641e-06,3.7842e-06,3.57e-07,0,0,0,0,0,0,0,0,3.06e-08,4.08e-08,5.1e-08,5.78e-08,6.8e-08,7.82e-08,8.5e-08,0,0,0,1.19e-07,1.292e-07,1.462e-07,1.666e-07,2.108e-07,2.448e-07,1.768e-07,6.97e-07,3.332e-07,1.496e-07
"Qatar",0,0,0,0,0,0,0,0,0,0,0,0,0,0,0,0,0,0,0,0,0,0,0,0,0,0,0,0,0,0,0,0,0,0,0,0,0,0,0,0,0,0,0,0,0,0,0,0,0,0,0,0,0,0,0,0,0
"Republic of Korea",0.00805392,0.00813246,0.0082467,0.0085323,0.00876792,0.00878934,0.0088179,0.00821814,0.0087108,0.00858942,0.0084966,0.00850374,0.0084374672,0.0086002354,0.00869652,0.0086744132,0.0087824924,0.008780415,0.0088052894,0.008803892,0.0087385882,0.0084828402,0.008771354,0.0087883472,0.0088305242,0.0088245028,0.009012992,0.0089973214,0.0089725592,0.0088845944,0.0086283704,0.0082601606,0.008109697,0.0078726218,0.0075388982,0.0074938312,0.0075140986,0.0075607398,0.0076126884,0.0076566708,0.0077335142,0.0075197494,0.0072544542,0.0071482756,0.0069951804,0.0068203354,0.006784785,0.0066813706,0.0066007226,0.006369407,0.0060962952,0.0060630874,0.0059449408,0.0058227142,0.0057073148,0.0055601594,0.0053886498
"Republic of Moldova",0,0,0,0,0,0,0,0,0,0,0,0,0,0,0,0,0,0,0,0,0,0,0,0,0,0,0,0,0,0,0,0,0,0,0,0,0,0,0,0,0,0,0,0,0,0,0,0,0,0,0,0,0,0,0,0,0
"Romania",0.000100912,6.188e-05,0.000130424,0.0001904,0.000177871,0.00019516,0.0002116092,0.0002398292,0.0002757842,0.000265761,0.0002618,0.000256088,0.000219912,0.000221816,0.0002083928,0.000198968,0.000188496,0.000206584,0.000215152,0.000188496,0.0001904,0.00019992,0.0002618,0.00031416,0.000357952,0.000411264,0.000425544,0.00046648,0.000469336,0.000379848,0.0002056218,0.00015606,0.000114325,4.41524e-05,5.8701e-05,8.1226e-05,3.79474e-05,1.64322e-05,1.48614e-05,1.2784e-05,1.09956e-05,4.4268e-06,9.996e-07,1.17946e-05,3.23102e-05,5.31488e-05,7.69964e-05,9.44112e-05,0.0001270546,0.0001180752,0.0001206286,0.0001076134,0.0001102314,0.0001210842,0.0001053592,8.98212e-05,8.69176e-05
"Russian Federation",0.000445543037060831,0.000449318825510499,0.000555040902101205,0.0007211755938866,0.000819346093577969,0.000936395535517679,0.00106099655435673,0.00117804599629643,0.00123845861149112,0.00132152595738382,0.00147255749537054,0.00158960693731025,0.00174441426374664,0.00186901528258569,0.00188789422483403,0.00197851314762606,0.00206158049351876,0.00218995730080748,0.00230323095429752,0.00251467510747893,0.00239384987708955,0.0024467109153849,0.00245841585957887,0.00259698729568169,0.0025343092074172,0.00234363189070896,0.00248069301143192,0.00253355404972727,0.00247804995951715,0.00231833410809619,0.00226320759673103,0.002525656,0.002480912,0.001836408,0.0013715464,0.001493212,0.001336608,0.001293768,0.001545096,0.001595552,0.001354696,0.001238552,0.00136136,0.00119,0.001301384,0.001487024,0.00149464,0.001527008,0.0016893988,0.0019123572,0.0019727514,0.001824032,0.0017990998,0.0018616564,0.0018935382,0.0019403936,0.0017673778
"Rwanda",0,0,0,0,0,0,2.618e-07,7.514e-07,1.0472e-06,1.7034e-06,1.6184e-06,1.4994e-06,1.7442e-06,2.3188e-06,2.4786e-06,2.5466e-06,2.941e-06,3.1212e-06,3.043e-06,3.1824e-06,3.9814e-06,3.8046e-06,5.95e-06,6.3784e-06,5.95e-06,8.568e-06,6.902e-06,7.7928e-06,7.3508e-06,1.62214e-05,1.6184e-05,1.5946e-05,1.19e-05,4.046e-06,1.4994e-06,4.76e-06,7.6942e-06,9.8634e-06,1.17062e-05,1.01524e-05,1.21142e-05,1.52864e-05,1.8105e-05,2.89578e-05,3.3133e-05,3.34016e-05,3.57102e-05,4.39212e-05,3.43502e-05,3.08822e-05,3.47276e-05,3.49894e-05,4.18132e-05,5.65726e-05,7.18862e-05,7.95634e-05,7.51672e-05
"Rå·™nion",0,0,0,0,0,0,0,0,0,0,0,0,0,0,0,0,0,0,0,0,0,0,0,0,0,2.414e-07,2.414e-07,2.414e-07,2.414e-07,2.414e-07,2.414e-07,2.414e-07,2.414e-07,2.346e-07,2.312e-07,2.346e-07,2.38e-07,2.38e-07,2.414e-07,2.414e-07,2.516e-07,2.618e-07,2.788e-07,2.89e-07,2.992e-07,3.094e-07,3.196e-07,3.264e-07,3.332e-07,3.434e-07,3.502e-07,3.604e-07,3.604e-07,3.604e-07,3.536e-07,3.366e-07,3.332e-07
"Saint Helena, Ascension and Tristan da Cunha",0,0,0,0,0,0,0,0,0,0,0,0,0,0,0,0,0,0,0,0,0,0,0,0,0,0,0,0,0,0,0,0,0,0,0,0,0,0,0,0,0,0,0,0,0,0,0,0,0,0,0,0,0,0,0,0,0
"Saint Kitts and Nevis",0,0,0,0,0,0,0,0,0,0,0,0,0,0,0,0,0,0,0,0,0,0,0,0,0,0,0,0,0,0,0,0,0,0,0,0,0,0,0,0,0,0,0,0,0,0,0,0,0,0,0,0,0,0,0,0,0
"Saint Lucia",0,0,0,0,0,0,0,0,0,0,0,0,0,0,0,0,0,0,0,0,0,0,0,0,0,0,0,0,0,0,0,0,0,0,0,0,0,0,0,0,0,0,0,0,0,0,0,0,0,0,0,0,0,0,0,0,0
"Saint Pierre and Miquelon",0,0,0,0,0,0,0,0,0,0,0,0,0,0,0,0,0,0,0,0,0,0,0,0,0,0,0,0,0,0,0,0,0,0,0,0,0,0,0,0,0,0,0,0,0,0,0,0,0,0,0,0,0,0,0,0,0
"Saint Vincent and the Grenadines",0,0,0,0,0,0,0,0,0,0,0,0,0,0,0,0,0,0,0,0,0,0,0,0,0,0,0,0,0,0,0,0,0,0,0,0,0,0,0,0,0,0,0,0,0,0,0,0,0,0,0,0,0,0,0,0,0
"Samoa",0,0,0,0,0,0,0,0,0,0,0,0,0,0,0,0,0,0,0,0,0,0,0,0,0,0,0,0,0,0,0,0,0,0,0,0,0,0,0,0,0,0,0,0,0,0,0,0,0,0,0,0,0,0,0,0,0
"San Marino",0,0,0,0,0,0,0,0,0,0,0,0,0,0,0,0,0,0,0,0,0,0,0,0,0,0,0,0,0,0,0,0,0,0,0,0,0,0,0,0,0,0,0,0,0,0,0,0,0,0,0,0,0,0,0,0,0
"Sao Tome and Principe",0,0,0,0,0,0,0,0,0,0,0,0,0,0,0,0,0,0,0,0,0,0,0,0,0,0,0,0,0,0,0,0,0,0,0,0,0,0,0,0,0,0,0,0,0,0,0,0,0,0,0,0,0,0,0,0,0
"Saudi Arabia",9.52e-06,7.616e-06,7.5106e-06,9.52e-06,1.7136e-05,9.52e-06,7.5106e-06,7.5106e-06,9.52e-06,9.52e-06,7.2352e-06,4.488e-07,1.7136e-06,1.7136e-06,1.904e-06,1.904e-06,2.7506e-06,1.513e-06,2.5806e-06,5.712e-07,0,0,0,0,0,0,0,0,0,0,0,0,0,0,0,0,0,0,0,0,0,0,0,0,0,0,0,0,0,0,0,0,0,0,0,0,0
"Senegal",0.00017255,0.00015708,0.0001785,0.00020468,0.0001955612,0.0002093788,0.000240856,0.000153748,0.000244188,0.00020944,0.000199206,0.000127806,0.0001536494,0.00019992,0.000207298,0.000190638,0.000150654,0.0002177394,0.0001873502,0.0001598782,0.0001805196,0.0001597116,0.0001237736,0.0001572942,0.0001860038,0.000170119,0.0001769428,0.0001875644,0.0001888088,0.000173638,0.000171989,0.0001753958,0.0001855108,0.000185011,0.0001641384,0.0001756712,0.0001777826,0.0001080656,0.0003094,0.0002052784,0.0002076074,0.0001809378,0.000208998,0.000193936,0.000232713,0.0002023884,0.0001911412,0.000298282,0.0003317448,0.0003503564,0.0002598416,0.000280194,0.0002583422,0.0003212354,0.000564774,0.0005266702,0.000403682
"Serbia and Montenegro",0,0,0,0,0,0,0,0,0,0,0,0,0,0,0,0,0,0,0,0,0,0,0,0,0,0,0,0,0,0,0,0,0,0,0,0,0,0,0,0,0,0,0,0,0,0,0,0,0,0,0,0,0,0,0,0,0
"Serbia",0,0,0,0,0,0,0,0,0,0,0,0,0,0,0,0,0,0,0,0,0,0,0,0,0,0,0,0,0,0,0,0,0,0,0,0,0,0,0,0,0,0,0,0,0,0,0,0,0,0,0,0,0,0,0,0,0
"Seychelles",0,0,0,0,0,0,0,0,0,0,0,0,0,0,0,0,0,0,0,0,0,0,0,0,0,0,0,0,0,0,0,0,0,0,0,0,0,0,0,0,0,0,0,0,0,0,0,0,0,0,0,0,0,0,0,0,0
"Sierra Leone",0.0006304348,0.0005683032,0.0005879654,0.0005881354,0.000670531,0.00072845,0.000779688,0.0007128576,0.0006905808,0.0007280284,0.0007930534,0.000775234,0.000781915,0.0008242416,0.0008465184,0.000891072,0.0009133488,0.000946764,0.000891072,0.0009133488,0.000891072,0.000891072,0.0008242416,0.0007103892,0.000757112,0.000757112,0.0007961304,0.0008638958,0.0008982018,0.0008745888,0.000830858,0.0007893168,0.0008509724,0.0007313468,0.0006114968,0.0006442456,0.000704837,0.0006343754,0.0004746162,0.0004081428,0.000668304,0.0009356256,0.0009801792,0.0012029472,0.001447992,0.0016529372,0.000963152,0.0010594672,0.0011118612,0.0012230446,0.0013453494,0.00159919,0.0014957144,0.0013607344,0.0009657462,0.0016607878,0.0014419672
"Singapore",0,0,0,0,0,0,0,0,0,0,0,0,0,0,0,0,0,0,0,0,0,0,0,0,0,0,0,0,0,0,0,0,0,0,0,0,0,0,0,0,0,0,0,0,0,0,0,0,0,0,0,0,0,0,0,0,0
"Slovakia",0,0,0,0,0,0,0,0,0,0,0,0,0,0,0,0,0,0,0,0,0,0,0,0,0,0,0,0,0,0,0,0,0,0,0,0,0,0,0,0,0,0,0,0,0,0,0,0,0,0,0,0,0,0,0,0,0
"Slovenia",0,0,0,0,0,0,0,0,0,0,0,0,0,0,0,0,0,0,0,0,0,0,0,0,0,0,0,0,0,0,0,0,0,0,0,0,0,0,0,0,0,0,0,0,0,0,0,0,0,0,0,0,0,0,0,0,0
"Solomon Islands",9.18e-07,9.588e-07,9.996e-07,1.037e-06,1.0778e-06,1.1016e-06,1.1186e-06,6.9326e-06,8.1804e-06,5.6542e-06,9.112e-06,3.1552e-06,3.1484e-06,3.1484e-06,4.7838e-06,1.03598e-05,1.54938e-05,2.12704e-05,2.39394e-05,3.09026e-05,3.2181e-05,2.54864e-05,2.0502e-05,1.95364e-05,1.73332e-05,1.88088e-05,0,0,0,2.0672e-06,4.2874e-06,4.386e-06,4.488e-06,4.5968e-06,4.709e-06,4.5288e-06,4.0052e-06,2.635e-06,5.7494e-06,7.7724e-06,3.5768e-06,3.9372e-06,4.8484e-06,6.3886e-06,7.9866e-06,7.7486e-06,7.4528e-06,8.7856e-06,8.7856e-06,9.996e-06,9.8668e-06,1.02102e-05,1.08052e-05,1.14716e-05,1.22162e-05,1.30322e-05,1.37326e-05
"Somalia",0,0,0,0,0,0,0,0,0,1.666e-06,2.38e-06,4.1412e-06,2.618e-06,2.7132e-06,7.616e-06,8.568e-06,2.0944e-05,4.6648e-05,2.2848e-05,2.8084e-05,2.7132e-05,2.856e-05,4.76e-06,6.188e-06,1.2376e-05,1.5232e-05,1.7136e-05,2.38e-05,3.094e-05,2.38e-05,1.904e-05,2.69858e-05,9.52e-06,5.236e-06,5.712e-06,4.3282e-06,3.6006e-06,2.142e-06,1.666e-06,4.76e-06,3.1892e-06,9.52e-06,9.52e-06,1.428e-05,1.27024e-05,1.24644e-05,1.2376e-05,9.3806e-06,5.236e-06,7.854e-06,5.712e-06,5.236e-06,6.3682e-06,1.428e-06,6.664e-06,3.57e-06,5.6678e-06
"South Africa",1.5232e-05,1.428e-05,1.2376e-05,1.2376e-05,1.2376e-05,1.2376e-05,1.2376e-05,1.2376e-05,1.2376e-05,1.2376e-05,1.2376e-05,1.2376e-05,1.2376e-05,1.2376e-05,1.2376e-05,1.2376e-05,1.2376e-05,1.2376e-05,1.2376e-05,1.2376e-05,1.2376e-05,1.2376e-05,1.2376e-05,1.2376e-05,1.2376e-05,1.2376e-05,1.2376e-05,1.2376e-05,1.2376e-05,1.1339e-05,1.37258e-05,1.35864e-05,1.34504e-05,1.33144e-05,1.31852e-05,1.3056e-05,1.29336e-05,1.26854e-05,1.20258e-05,1.24236e-05,1.3328e-05,1.2121e-05,1.27602e-05,1.22944e-05,1.21278e-05,1.19782e-05,1.25324e-05,1.12676e-05,1.13968e-05,1.12676e-05,1.1169e-05,1.0472e-05,1.0948e-05,1.09106e-05,1.08494e-05,1.07542e-05,1.0659e-05
"South Sudan",0,0,0,0,0,0,0,0,0,0,0,0,0,0,0,0,0,0,0,0,0,0,0,0,0,0,0,0,0,0,0,0,0,0,0,0,0,0,0,0,0,0,0,0,0,0,0,0,0,0,0,0,0,0,0,0,0
"Spain",0.0010607184,0.0010802548,0.0010744272,0.0010982136,0.00101099,0.0010127376,0.0010249028,0.0010361806,0.0010898496,0.0010993594,0.0010470096,0.0010127376,0.0010521504,0.0010487232,0.0010641456,0.001096704,0.0011635344,0.0011702528,0.0011755296,0.0011721024,0.001182384,0.0011583936,0.0006991488,0.001250928,0.0012780192,0.0013447646,0.001308592,0.0013691664,0.001002456,0.00154887,0.0016060036,0.0014685382,0.0008301372,0.0011429712,0.000933912,0.0018009936,0.0019460512,0.0019312272,0.0019209456,0.0020056838,0.0019808196,0.0019443886,0.00201348,0.002101421,0.0020417544,0.0018255824,0.0017404192,0.0016467696,0.0020443248,0.0020937438,0.002096899,0.0019332672,0.001919232,0.0018921408,0.0018727948,0.0018724854,0.0018439016
"Sri Lanka",0.0017974202,0.001910528,0.0019407982,0.0019516034,0.0015662746,0.0019370004,0.001976029,0.002057459,0.0019454018,0.0026067426,0.002516391,0.0023176236,0.0024362972,0.0028908908,0.0021662216,0.002304928,0.0028374428,0.0030446966,0.002863837,0.0029877806,0.00305575,0.0027058322,0.0028170258,0.0032129286,0.0031362858,0.0030337282,0.0024643268,0.002958136,0.0025018186,0.0030041482,0.002867832,0.0027784528,0.0029733884,0.0032518994,0.0032266476,0.0023941848,0.0025029984,0.0027820024,0.0031584946,0.0030177652,0.002774893,0.0029727526,0.0033059016,0.002610401,0.0033197566,0.0033024676,0.0029623146,0.0038193322,0.0034182342,0.0038460528,0.0039573688,0.003868758,0.0043090172,0.0031954934,0.0033976914,0.0033956786,0.0028715142
"Sudan (former)",0,0,0,0,0,0,0,0,0,0,0,0,0,0,0,0,0,0,0,0,0,0,0,0,0,0,0,0,0,0,0,0,0,0,0,0,0,0,0,0,0,0,0,0,0,0,0,0,0,0,0,0,0,0,0,0,0
"Sudan",6.5212e-06,2.5466e-06,4.8756e-06,8.9964e-06,6.1642e-06,2.2338e-06,1.1135e-05,7.6874e-06,1.5776e-05,2.43848e-05,2.39938e-05,2.39938e-05,2.5993e-05,2.94134e-05,3.44828e-05,4.49922e-05,5.59878e-05,3.9984e-05,4.76e-05,5.9976e-05,4.998e-05,3.808e-05,1.19952e-05,9.996e-06,8.568e-06,7.14e-06,5.712e-06,5.712e-06,2.38e-06,3.808e-06,3.808e-06,6.188e-06,7.616e-06,9.52e-06,7.7588e-06,1.39944e-05,1.39944e-05,1.79928e-05,4.39824e-05,2.59896e-05,2.93216e-05,2.26678e-05,3.808e-05,3.59856e-05,2.79888e-05,3.37144e-05,2.975e-05,3.19974e-05,3.00016e-05,3.0464e-05,3.19872e-05,3.59856e-05,3.59958e-05,7.4341e-05,3.59856e-05,3.39864e-05,3.79916e-05
"Suriname",0.0002439874,0.0002577166,0.0002619224,0.0002882384,0.0003194436,0.000279412,0.000320671,0.0003357976,0.0003090192,0.000372538,0.0003822552,0.000356133,0.0004282572,0.0004222392,0.0004522,0.000460768,0.000473144,0.000525504,0.0005602996,0.0006183818,0.0006742336,0.0006908766,0.000698224,0.0007118104,0.0007129528,0.0007152954,0.0006773956,0.0006618304,0.0006650672,0.0004950876,0.0005720092,0.0006545,0.0005582528,0.0005712952,0.0005844328,0.0005879076,0.0005092724,0.0004772852,0.0004613392,0.0003997924,0.0004834834,0.000381276,0.000499086,0.0004666704,0.0004337584,0.00042109,0.0004006696,0.0004155854,0.0005187652,0.0005098232,0.0005419736,0.0004891274,0.0005547678,0.0005922494,0.0005640396,0.0005970264,0.0005850584
"Swaziland",4.6138e-06,5.7222e-06,5.7392e-06,5.6338e-06,5.236e-06,5.2802e-06,5.4706e-06,5.5862e-06,6.732e-06,5.7256e-06,5.644e-06,4.0426e-06,3.162e-06,2.6316e-06,3.8386e-06,4.437e-06,4.522e-06,4.522e-06,4.522e-06,4.522e-06,2.856e-06,1.1968e-06,1.0914e-06,7.038e-07,9.52e-07,9.52e-07,9.52e-07,9.52e-07,9.52e-07,8.602e-07,9.52e-07,7.106e-07,4.76e-07,3.978e-07,4.488e-07,1.36e-07,1.904e-07,3.74e-08,7.14e-08,1.19e-07,4.76e-08,3.06e-08,6.8e-08,7.14e-08,7.14e-08,7.48e-08,7.48e-08,7.82e-08,7.82e-08,8.16e-08,8.16e-08,8.5e-08,8.5e-08,8.5e-08,8.5e-08,8.5e-08,8.16e-08
"Sweden",0,0,0,0,0,0,0,0,0,0,0,0,0,0,0,0,0,0,0,0,0,0,0,0,0,0,0,0,0,0,0,0,0,0,0,0,0,0,0,0,0,0,0,0,0,0,0,0,0,0,0,0,0,0,0,0,0
"Switzerland",0,0,0,0,0,0,0,0,0,0,0,0,0,0,0,0,0,0,0,0,0,0,0,0,0,0,0,0,0,0,0,0,0,0,0,0,0,0,0,0,0,0,0,0,0,0,0,0,0,0,0,0,0,0,0,0,0
"Syrian Arab Republic",1.904e-06,3.978e-06,4.4268e-06,5.712e-06,1.0472e-05,8.738e-06,8.6428e-06,3.71756e-05,1.01762e-05,6.2458e-06,2.7608e-06,1.513e-06,2.856e-07,5.1408e-06,9.9688e-06,2.9614e-06,4.76e-07,4.76e-07,4.76e-07,1.904e-07,1.904e-07,1.904e-07,1.904e-07,1.904e-07,1.904e-07,1.904e-07,1.904e-07,1.904e-07,1.904e-07,2.006e-07,1.632e-07,1.802e-07,1.904e-07,1.632e-07,1.7e-07,1.904e-07,0,0,0,0,0,0,0,0,0,0,0,0,0,0,0,0,0,0,0,0,0
"Tajikistan",2.35998091298148e-05,2.37998075122708e-05,2.93997622210404e-05,3.8199691049107e-05,4.33996489929644e-05,4.95995988491022e-05,5.61995454701521e-05,6.23994953262899e-05,6.55994694455868e-05,6.99994338596201e-05,7.79993691578624e-05,8.41993190140002e-05,9.23992526946985e-05,9.89991993157484e-05,9.99991912280287e-05,0.000104799152406974,0.000109199116821007,0.000115999061824513,0.000121999013298195,0.000133198922715734,0.00012679897447714,0.000129598951831525,0.000130218946817139,0.000137558887453276,0.000134238914304506,0.000124138995990475,0.00013139893727363,0.000134198914628014,0.00013125893840591,0.000122799006828019,0.000119879030444161,7.4732e-05,9.2667e-05,9.71516e-05,8.96784e-05,8.96784e-05,0.0001218118,0.0001225598,0.0001419908,0.0001616462,0.0001138932,0.000131529,0.000128316,0.0001055972,0.0001419908,0.0001154606,0.00012682,7.66836e-05,0.0001088034,0.0001110066,9.8736e-05,9.84742e-05,8.75772e-05,8.3011e-05,8.79512e-05,0.0001022176,9.36156e-05
"Thailand",0.0332794822,0.0355633676,0.035345856,0.0343126708,0.0340951558,0.0399843196,0.0348020736,0.0377384972,0.0394731636,0.0372708442,0.0385868006,0.0368684474,0.0421050696,0.0398755638,0.0454438968,0.0444107082,0.04758096,0.0485869588,0.0470589274,0.050028416,0.0495115276,0.0486142404,0.0522358082,0.0523646682,0.053470525,0.0499954666,0.0497401878,0.0538667134,0.0537204794,0.0478087226,0.0492284028,0.0498087284,0.048940416,0.0488057148,0.0495546226,0.0503934026,0.053904008,0.051721973,0.0542146694,0.053786606,0.0550602732,0.0524942184,0.05526938,0.0543394562,0.0556015702,0.0552763228,0.058015628,0.0580952594,0.060585229,0.064885855,0.0650180946,0.0650188698,0.063537245,0.0579939734,0.052844636,0.0507893122,0.0577215688
"The former Yugoslav Republic of Macedonia",5.35024e-05,5.31216e-05,5.78816e-05,6.19752e-05,5.57872e-05,4.83616e-05,4.1412e-05,4.76e-05,6.57084e-05,7.35794e-05,7.47116e-05,6.783e-05,6.6878e-05,6.7031e-05,7.71494e-05,7.84074e-05,7.90364e-05,7.93594e-05,7.96144e-05,8.1158e-05,8.36808e-05,8.30348e-05,8.71658e-05,8.61662e-05,8.61662e-05,8.8774e-05,9.2106e-05,8.22154e-05,5.76538e-05,8.45376e-05,8.27492e-05,8.05868e-05,4.896e-05,1.64798e-05,1.19476e-05,3.95658e-05,5.00854e-05,4.2534e-05,3.99466e-05,3.67676e-05,1.428e-05,1.78024e-05,2.91788e-05,2.70368e-05,2.27052e-05,2.40278e-05,2.38374e-05,2.46194e-05,2.97024e-05,3.927e-05,4.284e-05,4.43258e-05,4.43632e-05,4.92558e-05,4.74572e-05,4.79808e-05,3.11678e-05
"Timor-Leste",5.26694e-05,5.64298e-05,5.70588e-05,5.831e-05,3.60196e-05,4.44346e-05,5.45496e-05,6.8969e-05,4.38906e-05,4.38906e-05,4.38906e-05,5.64298e-05,6.26994e-05,6.26994e-05,7.52386e-05,7.52386e-05,8.15116e-05,8.77812e-05,8.77812e-05,9.40508e-05,0.0001003204,0.0001034552,0.0001128596,0.0001312196,0.0001253988,0.0001253988,0.0001237634,0.000108307,9.80322e-05,0.0001110168,0.0001598544,0.0001215194,0.0001182282,0.0001009222,0.0001133866,0.00012342,8.90222e-05,8.66898e-05,7.94988e-05,0.00010659,0.0002194496,0.0002194496,0.0002730608,0.000144211,0.000250801,0.000282149,0.000250801,0.0002861338,0.0002445178,0.0002291566,0.0002229686,0.0002626126,0.0001755488,0.0001785816,0.0001448162,0.0001657024,0.00018156
"Togo",5.7018e-06,9.5064e-06,7.5922e-06,1.0319e-05,1.03224e-05,1.16994e-05,1.06624e-05,1.08732e-05,9.1392e-06,9.5234e-06,1.00096e-05,6.0928e-06,3.6278e-06,3.8658e-06,4.1038e-06,4.4166e-06,5.9228e-06,6.0928e-06,6.97e-06,7.0074e-06,6.8918e-06,1.08154e-05,8.262e-06,8.0342e-06,8.262e-06,6.5552e-06,5.9024e-06,9.5948e-06,7.5786e-06,7.31e-06,9.673e-06,5.1986e-06,1.07372e-05,2.0077e-05,1.5963e-05,2.18756e-05,1.21686e-05,1.61432e-05,1.45248e-05,1.2342e-05,1.22264e-05,1.21924e-05,1.08902e-05,1.2291e-05,1.25596e-05,1.16994e-05,1.24814e-05,1.38958e-05,1.74046e-05,1.80506e-05,1.70272e-05,3.66452e-05,3.51254e-05,3.19464e-05,3.10726e-05,3.15724e-05,3.21368e-05
"Tokelau",0,0,0,0,0,0,0,0,0,0,0,0,0,0,0,0,0,0,0,0,0,0,0,0,0,0,0,0,0,0,0,0,0,0,0,0,0,0,0,0,0,0,0,0,0,0,0,0,0,0,0,0,0,0,0,0,0
"Tonga",0,0,0,0,0,0,0,0,0,0,0,0,0,0,0,0,0,0,0,0,0,0,0,0,0,0,0,0,0,0,0,0,0,0,0,0,0,0,0,0,0,0,0,0,0,0,0,0,0,0,0,0,0,0,0,0,0
"Trinidad and Tobago",1.9448e-05,2.03048e-05,1.99206e-05,1.96622e-05,1.94072e-05,1.90638e-05,1.8207e-05,1.76936e-05,1.70068e-05,1.60344e-05,1.61262e-05,1.87884e-05,1.87884e-05,2.7438e-05,3.46732e-05,3.27624e-05,3.22456e-05,2.17158e-05,2.17226e-05,1.21652e-05,3.8182e-06,4.3282e-06,4.2194e-06,7.548e-06,8.143e-06,8.7006e-06,1.15668e-05,1.19952e-05,2.05632e-05,1.84654e-05,2.22768e-05,2.5704e-05,2.142e-05,2.01348e-05,1.11384e-05,2.142e-05,1.2852e-05,1.2852e-05,8.568e-06,1.19952e-05,1.19952e-05,1.2852e-05,8.1396e-06,7.7112e-06,8.568e-06,8.058e-06,9.3466e-06,9.3466e-06,8.3674e-06,8.4898e-06,1.00028e-05,1.03666e-05,1.07406e-05,1.42222e-05,1.42256e-05,8.908e-06,1.15668e-05
"Tunisia",0,0,0,0,0,0,0,0,0,0,0,0,0,0,0,0,0,0,0,0,0,0,0,0,0,0,0,0,0,0,0,0,0,0,0,0,0,0,0,0,0,0,0,0,0,0,0,0,0,0,0,0,0,0,0,0,0
"Turkey",0.00056168,0.00077112,0.0005236,0.0003332,0.000476,0.0006188,0.0005712,0.0004284,0.00053788,0.00062832,0.0006188,0.00048552,0.00056644,0.00055216,0.00052122,0.00051408,0.000551684,0.0006664,0.000714,0.00049504,0.00069258,0.000736372,0.0006664,0.0006087836,0.0005691056,0.0005236,0.00050456,0.0004852718,0.00062832,0.0004412316,0.000384608,0.0004091492,0.0004268972,0.0003766316,0.0004755716,0.0005214954,0.0005235524,0.0005701052,0.0006186368,0.000550817,0.00056168,0.000569381,0.0006188,0.0006663048,0.000808333,0.000942888,0.0008929658,0.000947172,0.0009181462,0.000942157,0.0009461248,0.0011392006,0.0010528372,0.0010555776,0.0011029498,0.0011048538,0.0010424876
"Turkmenistan",0.000260151596828698,0.000262356271378094,0.000324087158761175,0.000421092838934588,0.000478414377218877,0.000546759288250146,0.000619513548380205,0.000687858459411473,0.000723133252201805,0.000771636092288512,0.000859823074264342,0.00092816798529561,0.00101855964182084,0.0010913139019509,0.00110233727469787,0.00115524946388337,0.00120375230397008,0.00127871123864953,0.00134485147513141,0.00146831324989757,0.0013977636643169,0.00142862910800844,0.00143546359911157,0.0015163751550744,0.00147977755755443,0.00136844149280994,0.00144847117895301,0.00147933662264455,0.00144692790676843,0.00135367017332899,0.00132148192490781,0.0002092496,0.0002884662,0.0002765084,0.0002167228,0.0002391424,0.0002391424,0.000149464,0.000224196,0.000523124,0.000261562,0.0003138744,0.0003138744,0.00037366,0.000411026,0.0004184992,0.0001651584,0.0002085016,0.0001390022,0.0001345176,0.000112846,0.000725526,0.0008498266,0.0009328886,0.001002099,0.0010552444,0.001031968
"Turks and Caicos Islands",0,0,0,0,0,0,0,0,0,0,0,0,0,0,0,0,0,0,0,0,0,0,0,0,0,0,0,0,0,0,0,0,0,0,0,0,0,0,0,0,0,0,0,0,0,0,0,0,0,0,0,0,0,0,0,0,0
"Tuvalu",0,0,0,0,0,0,0,0,0,0,0,0,0,0,0,0,0,0,0,0,0,0,0,0,0,0,0,0,0,0,0,0,0,0,0,0,0,0,0,0,0,0,0,0,0,0,0,0,0,0,0,0,0,0,0,0,0
"USSR",0,0,0,0,0,0,0,0,0,0,0,0,0,0,0,0,0,0,0,0,0,0,0,0,0,0,0,0,0,0,0,0,0,0,0,0,0,0,0,0,0,0,0,0,0,0,0,0,0,0,0,0,0,0,0,0,0
"Uganda",6.2594e-06,7.6092e-06,3.2742e-06,4.7192e-06,9.52e-06,7.14e-06,1.428e-05,1.19e-05,1.666e-05,3.7179e-05,5.712e-05,4.2602e-05,2.3324e-05,4.1174e-05,4.2602e-05,5.80924e-05,4.6648e-05,5.8072e-05,2.856e-05,2.618e-05,2.856e-05,3.57e-05,4.046e-05,4.046e-05,3.332e-05,4.522e-05,3.808e-05,4.046e-05,7.616e-05,9.282e-05,0.0001071,0.000119,0.00012614,0.0001309,0.0001309,0.00013804,0.0001428,0.00015232,0.00016184,0.00017136,0.00018088,0.0001904,0.00020468,0.00022134,0.00024276,0.00026894,0.00028322,0.00030464,0.00020468,0.00020706,0.0002142,0.00021896,0.00022134,0.0002261,0.0002267596,0.0002288098,0.0002324274
"Ukraine",3.04790154956132e-05,3.07373122371014e-05,3.79696209987723e-05,4.93346776242552e-05,5.60503929029497e-05,6.40575918890853e-05,7.25813843581975e-05,8.05885833443331e-05,8.47213312081451e-05,9.04038595208865e-05,0.000100735729180416,0.000108742928166552,0.00011933309456757,0.000127856887036682,0.000129148370744124,0.000135347492539842,0.000141030020852583,0.000149812110063183,0.000157561012307831,0.000172025629831173,0.000163760134103549,0.000167376288484384,0.000168177008382998,0.000177656498795616,0.000173368772886912,0.000160324787441755,0.000169700959157778,0.000173317113538614,0.000169520151438737,0.000158594199273784,0.000154823066848055,0.0002315842,0.00021896,0.00020944,0.00020944,0.000219912,0.0002142,0.00019992,0.000208488,0.000239904,0.0001794724,0.000179928,0.000213248,0.000202776,0.000203728,0.000205632,0.000200872,0.000188496,0.00023324,0.000278936,0.000281792,0.000245616,0.000230384,9.7104e-05,0.000111384,0.00011424,0.000120904
"United Arab Emirates",0,0,0,0,0,0,0,0,0,0,0,0,0,0,0,0,0,0,0,0,0,0,0,0,0,0,0,0,0,0,0,0,0,0,0,0,0,0,0,0,0,0,0,0,0,0,0,0,0,0,0,0,0,0,0,0,0
"United Kingdom",0,0,0,0,0,0,0,0,0,0,0,0,0,0,0,0,0,0,0,0,0,0,0,0,0,0,0,0,0,0,0,0,0,0,0,0,0,0,0,0,0,0,0,0,0,0,0,0,0,0,0,0,0,0,0,0,0
"United Republic of Tanzania",0.0004332552,0.0004385388,0.000607614,0.000581196,0.0002958816,0.0006710172,0.000581196,0.0006763008,0.0006815844,0.0007978236,0.0008083908,0.000818958,0.00069122,0.0008612268,0.0010778544,0.0014107212,0.0012839148,0.0013631688,0.001373736,0.001294482,0.001479408,0.00158508,0.0011841078,0.001432964,0.0012497822,0.0014464382,0.0018555466,0.001822842,0.0020358248,0.0020315442,0.001948064,0.001619794,0.00186881,0.001862996,0.0020817384,0.0027126016,0.0023210848,0.0034581162,0.0020030114,0.0021958628,0.0021444004,0.0029884028,0.0032800582,0.0032395336,0.0037090328,0.0033485886,0.0029481468,0.0046900416,0.0042566266,0.006003703,0.0059140586,0.0042235038,0.0049046224,0.0050575578,0.0060997428,0.006521863,0.0061815128
"United States Virgin Islands",0,0,0,0,0,0,0,0,0,0,0,0,0,0,0,0,0,0,0,0,0,0,0,0,0,0,0,0,0,0,0,0,0,0,0,0,0,0,0,0,0,0,0,0,0,0,0,0,0,0,0,0,0,0,0,0,0
"United States of America",0.0076517,0.0085323,0.0085323,0.0086037,0.008633093,0.0094734234,0.009487394,0.0113332506,0.0102497216,0.0087390404,0.0087544492,0.0087544492,0.0104510186,0.0121885138,0.0135706172,0.0119429114,0.010830785,0.014302967,0.013816614,0.01594957,0.018261502,0.01570919,0.010445225,0.0134946,0.01200115,0.0113645,0.01123479,0.01396584,0.0129353,0.01359456,0.013392736,0.015083131,0.013643231,0.015969205,0.014895349,0.013503525,0.014943425,0.015685152,0.016913113,0.014635215,0.015959566,0.015444296,0.014433034,0.016012521,0.016200422,0.013585397,0.013233871,0.014331884,0.014943425,0.017409105,0.012602933,0.012901504,0.011890242,0.014124824,0.012400752,0.014914508,0.011432687
"Uruguay",0.0001636488,0.0001693404,0.0001997874,0.000195704,0.0002620754,0.0002903498,0.0003234522,0.0002927128,0.0003269168,0.000339779,0.0002990028,0.0002965106,0.0003288208,0.0004061232,0.0004467056,0.0004981544,0.0005411168,0.0005557776,0.0005712952,0.000641172,0.00059262,0.000661164,0.0006678756,0.0007498904,0.0008085234,0.000784448,0.000755888,0.0007696342,0.000906066,0.000743427,0.00098175,0.001211896,0.001291864,0.001277584,0.001392776,0.00143276,0.00148036,0.0016174582,0.0019810066,0.0018031084,0.0014629962,0.001525427,0.001460368,0.0017751468,0.00175168,0.001687896,0.001384208,0.0016029504,0.001529864,0.001541288,0.00186592,0.0017266526,0.0016422,0.001593648,0.0015345662,0.00156604,0.0015232
"Uzbekistan",0.000134303947554953,0.000135442116602029,0.000167310849920153,0.000217390287991491,0.000246982683215464,0.000282265923674816,0.000319825502228319,0.000355108742687671,0.000373319447440885,0.000398359166476554,0.000443885928359589,0.000479169168818941,0.000525834099749052,0.000563393678302555,0.000569084523537935,0.000596400580667756,0.000621440299703425,0.000660138047304004,0.000694283118716281,0.000758020585352529,0.000721599175846101,0.000737533542505164,0.000741061866551099,0.000782832670578783,0.000763939064397324,0.000706461527519992,0.000747777063928847,0.000763711430587909,0.000746980345595893,0.000698835794904584,0.000682218526817276,0.001360272,0.0013504086,0.0012487724,0.0012398032,0.001384038,0.00145877,0.0011105182,0.0012271008,0.0003676828,0.0002892142,0.00026231,0.0002593214,0.000494054,0.0003921934,0.0004533254,0.0003587136,0.0002525928,0.0003258322,0.0005171468,0.0001726316,0.0005702038,0.000335546,0.0003646908,0.0005268606,0.000540311,0.0005327562
"Vanuatu",0,0,0,0,0,0,0,0,0,0,0,0,0,0,0,0,0,0,0,0,0,0,0,0,0,0,0,0,0,0,0,0,0,0,0,0,0,0,0,0,0,0,0,0,0,0,0,0,0,0,0,0,0,0,0,0,0
"Venezuela (Bolivarian Republic of)",0.0005007996,0.000591175,0.0006314514,0.0007772978,0.0009005138,0.0009424902,0.0009794754,0.0009870506,0.0010161308,0.001116016,0.0009649812,0.0005597998,0.0009684764,0.0010051046,0.0009728794,0.000572917,0.0014206526,0.0014235562,0.0016854276,0.0017239836,0.0020844142,0.0019486726,0.0014086404,0.0012942984,0.0015488292,0.0010636492,0.0011692838,0.0011582236,0.0008004484,0.0009832222,0.001300313,0.0013608738,0.0013305934,0.001414995,0.0015202216,0.0014849364,0.0014818526,0.001301265,0.0012763838,0.0011841146,0.0013212128,0.0011506314,0.0011772772,0.0017031484,0.0018505078,0.0019434706,0.0017892126,0.0018544314,0.001967359,0.0015461398,0.0016239862,0.0017949348,0.0018415216,0.0019414816,0.0014497838,0.0006169742,0.00094248
"Viet Nam",0.0284686488,0.0293379506,0.0269835254,0.0299316858,0.0289625294,0.0280923844,0.0287794972,0.0293675952,0.029584828,0.0283510292,0.0281571952,0.0294048014,0.030184928,0.0306765272,0.0291401556,0.0317889902,0.0328175582,0.032780352,0.032916573,0.0336066846,0.033916938,0.0342757944,0.0336756978,0.0340555594,0.034315401,0.0342241858,0.0336240892,0.0344504252,0.0354729922,0.0362627204,0.0378223752,0.0388587428,0.0393628268,0.0395980626,0.0406002262,0.042029661,0.0426051552,0.044112008,0.0459290972,0.0460053116,0.0449635414,0.0450331496,0.0447204992,0.044679094,0.0439823796,0.0439559752,0.0432514612,0.0444084506,0.0446304842,0.0449437364,0.045940137,0.0465754882,0.0474246212,0.0469065122,0.0469793096,0.0464159058,0.0462587544
"Wallis and Futuna Islands",0,0,0,0,0,0,0,0,0,0,0,0,0,0,0,0,0,0,0,0,0,0,0,0,0,0,0,0,0,0,0,0,0,0,0,0,0,0,0,0,0,0,0,0,0,0,0,0,0,0,0,0,0,0,0,0,0
"Western Sahara",0,0,0,0,0,0,0,0,0,0,0,0,0,0,0,0,0,0,0,0,0,0,0,0,0,0,0,0,0,0,0,0,0,0,0,0,0,0,0,0,0,0,0,0,0,0,0,0,0,0,0,0,0,0,0,0,0
"Yemen",0,0,0,0,0,0,0,0,0,0,0,0,0,0,0,0,0,0,0,0,0,0,0,0,0,0,0,0,0,0,0,0,0,0,0,0,0,0,0,0,0,0,0,0,0,0,0,0,0,0,0,0,0,0,0,0,0
"Yugoslav SFR",0,0,0,0,0,0,0,0,0,0,0,0,0,0,0,0,0,0,0,0,0,0,0,0,0,0,0,0,0,0,0,0,0,0,0,0,0,0,0,0,0,0,0,0,0,0,0,0,0,0,0,0,0,0,0,0,0
"Zambia",0,0,0,0,0,0,0,1.156e-06,2.4072e-06,2.6486e-06,2.023e-06,1.6898e-06,2.142e-06,2.5364e-06,4.0222e-06,5.321e-06,5.236e-06,9.044e-06,7.378e-06,1.2138e-05,1.27602e-05,1.40896e-05,1.6694e-05,2.08012e-05,2.54694e-05,2.47622e-05,2.06788e-05,2.5211e-05,3.04912e-05,2.26882e-05,3.2011e-05,3.41972e-05,3.28474e-05,1.70816e-05,2.31948e-05,2.35348e-05,2.95392e-05,2.1573e-05,3.8369e-05,2.92672e-05,2.20626e-05,2.499e-05,2.618e-05,2.975e-05,2.46772e-05,3.41734e-05,2.88218e-05,4.13338e-05,6.08838e-05,7.32768e-05,6.54262e-05,6.2509e-05,9.16776e-05,7.9033e-05,4.2619e-05,5.25674e-05,7.03868e-05
"Zimbabwe",2.38e-06,2.38e-06,4.76e-06,4.76e-06,4.76e-06,4.76e-06,5.117e-06,5.474e-06,5.95e-06,6.307e-06,6.188e-06,4.76e-06,2.856e-06,2.38e-06,1.989e-06,1.3192e-06,1.0914e-06,1.3736e-06,1.428e-06,1.428e-06,1.4892e-06,8.84e-07,8.84e-07,1.19e-06,2.38e-07,2.38e-07,4.93e-07,4.76e-07,4.828e-07,4.76e-07,4.76e-07,4.284e-07,4.76e-07,4.624e-07,4.08e-07,4.624e-07,4.794e-07,4.76e-07,5.236e-07,5.95e-07,6.46e-07,6.29e-07,6.902e-07,6.494e-07,6.426e-07,5.95e-07,6.46e-07,6.596e-07,6.766e-07,6.936e-07,7.106e-07,7.378e-07,7.378e-07,7.446e-07,7.616e-07,7.65e-07,7.718e-07
